1,Beverages,Beer,beer glass,153,1.6,0,12.6,14.2,0,96.1,0,89,0,0,0.04,0.07,49.8,21.4,0.03,18,0.02,1.8,0,0
2,Beverages,cauliflower soup,bowl,81,0.4,0.8,17.9,38.3,765.6,104.4,16.3,24,387.2,7.5,0.2,0.31,51.3,19.9,0.22,24,0,0.9,2,0.6
3,Beverages,lentil soup,bowl,85,5.1,1.8,12.1,16.3,471.5,127.7,0,46,123.74,7.3,0.57,1.59,60.6,16.9,0.23,92,0.39,0.5,20.7,2.4
4,Beverages,Manchaw soup,bowl,125,2.7,9,8.2,41.9,423,49.9,34.1,70,470.87,13.6,0.56,1.88,65.9,46.1,0.49,94,0.19,0.5,19.9,0.8
5,Beverages,peas soup,bowl,97,0.9,0.5,22.2,21.4,594,45.7,17.8,20,440,4.1,0.24,0.29,81.7,23.3,0.11,77,0,0.5,1.7,0.8
6,Beverages,sweet corn soup,bowl,140,1,2.8,27.8,92.5,409.4,232,15,37,331.2,5.3,0.37,0.39,61.5,21.2,0.66,34,0,2,2.9,0.8
7,Beverages,sweet lime juice,bowl,134,0.4,0,30.8,53.8,517,639.5,74.1,29,246.4,28.6,0.02,0.04,39.3,0,0,11,0,0,4,4.8
8,Beverages,tomato soup,bowl,92,2.5,0.7,19.2,65.6,529,164.6,18.6,28,1472,11.6,0.18,0.25,43.7,15.1,0.46,71,0.05,1.4,0,0.5
9,Beverages,veg soup,bowl,81,0.4,0.8,17.9,56.1,396,140.8,16.3,24,387.2,7.5,0.2,0.31,37.3,12.9,0.4,24,0,1.2,2,0.6
10,Beverages,cocoa drink,cup,73,3,4,7.2,123.6,11.4,94.9,0,64,91.2,4.1,0.19,0.5,95.3,14.3,0.11,26,0.11,0.1,0,1
11,Beverages,coffee,cup,88,1.6,2.4,14.4,78.7,12,33.1,0.4,36,6,2.4,0.02,0.01,48,0,0,12,0.02,0,0,0
12,Beverages,tea,cup,76,1,1.6,13.2,52,6,21.7,0.2,24,3.6,1.2,0.01,0.01,31.4,0,0,12,0.01,0,0,0
13,Beverages,Apple milkshake,glass,276,6.7,10.3,31.1,330,46,184,2.1,161,245.34,8.6,0.05,0.74,208.1,4.3,0.09,69,0.07,0.2,0,0.9
14,Beverages,carrot juice,glass,92,2.2,0.3,21.4,55.2,66.7,671.6,19.5,126,21396.9,9.2,0.41,1.06,96.6,32.2,0.3,212,0.11,0.9,0,1.8
15,Beverages,chiku milkshake,glass,225,5.1,7.8,27.6,242.3,92,208.3,5.1,30,73.6,9.2,0.02,0.05,153,10.2,0.28,16,0,0.2,0,0
16,Beverages,coconut water,glass,48,2.8,0.2,8.8,48,210,0,0,0,0,0,0,0,20,0,0,0,0,0.2,0,0
17,Beverages,dudhi juice,glass,12,0,0.1,2.5,20,2,87,0,10,0,0,0.22,0.46,10,26,0.06,30,0.03,0.2,0,0.6
18,Beverages,lemon sarbat,glass,88,0.2,0.2,22,6.3,440,13.1,0,0,224,2,0.02,0.01,0.7,0.9,0,4,0,0,0,0
19,Beverages,mango milkshake,glass,298,6,8.7,42.1,229.9,47,290.6,14.9,211,2549.12,7.2,0.61,1.41,129.2,270.5,0.12,117,0.16,0.9,0,0
20,Beverages,neera,glass,68,0.6,0,16.3,0,0,0,0,0,0,0,0,0,210,0,0,0,0,0,0,0
21,Beverages,orange juice,glass,167,1.4,0.4,39.6,52.1,572,17.8,57.2,0,52.8,22,0.04,0.66,38.5,17.2,0,0,1.1,0,5.8,7.3
22,Beverages,panhe,glass,144,0.1,0.1,35.6,6.3,384,33.8,2.6,24,452.57,0,0.05,0.26,3,44.5,0.02,24,0.02,0.1,0,0
23,Beverages,pineapple juice,glass,194,0.8,0.2,47.1,40,594,67.8,71.5,22,33,0,0.2,4.49,16.8,60.5,1.03,37,0.24,0.2,12.8,2.9
24,Beverages,sugarcane juice,glass,82,0.4,0.5,18.5,26,120,25.1,3.9,0,2,0,0.1,0.38,22.3,20.6,0.26,0,0.04,0,0,0
25,Beverages,gin,jigger,110,0,0,0,0,0,0,0,0,0,0,0,0,0,0,0,0,0,0,0,0
26,Beverages,rum,jigger,97,0,0,0,0,0,0.8,0,0,0,0,0.03,0.05,2.1,0,0.01,3,0.02,0,0,0
27,Beverages,whiskey,jigger,105,0,0,0,0,0,0.4,0,0,0,0,0.01,0.01,1.3,0,0,3,0.01,0,0,0
28,Beverages,wine,jigger,46,0,0,1.5,4.4,0,54.5,0,13,0,0,0.07,0.2,11,6.1,0.07,3,0,0.1,0,0
29,Beverages,vodka,large peg,97,0,0,0,0,0,0,0,0,0,0,0,0,0,0,0,0,0,0,0,0
30,Beverages,tomato sar,small bowl,452,10.2,18.4,61.5,286.2,234,718.1,130.8,34,1667.9,141.1,2.99,3.25,190.5,65.7,2.03,66,1.21,6.2,20.5,5.1
31,Beverages,Solkadhi,katori,72,0.6,6.7,2.4,4.4,47.1,45.6,0.9,0,10.41,0.1,0.12,0.29,24.1,7.2,0.15,0,0.05,0.1,0.2,0.4
32,Beverages,soy milk,cup,68,5.8,2.5,6.4,49.4,71.5,161.2,0,66,483.6,0,0.57,1.43,71.5,32.5,0.28,79,0.18,0.4,5.7,1.7
33,Breakfast Items,cornflakes plain,cup,72,1.4,0.1,17.4,0.6,80,23.4,0,286,15,67.6,0.07,1.08,3.2,10.4,0,286,0,3.6,0,0.9
34,Breakfast Items,cornflakes with milk,cup,240,6.1,2.9,47.2,6,108,0.6,0.4,104,192,12,0.68,0.73,60,7.2,0.01,119,0.05,1.2,18.1,5.2
35,Breakfast Items,kellogs chocos,cup,115,2.4,0.8,24,150,10.5,12.9,2.4,0,240,0,0,0.6,0,0,0,0,0,0,0,1.4
36,Breakfast Items,macroni,cup,174,7.5,0.8,37.2,21,4.2,61.6,0,63,0,0,1.13,1.48,124.6,42,1.93,151,0.23,1,0,3.9
37,Breakfast Items,museli dry fruits,cup,289,8.2,4.2,66.1,0,196.4,413.1,0,876,0,190.4,3.1,7.44,206.6,66.3,1.85,774,0.33,10.3,0,6.2
38,Breakfast Items,oats dry,cup,607,26.3,10.8,103.4,84.2,3.1,669.2,0,217,0,0,6.19,7.36,815.9,276.1,7.67,1190,0.98,1.5,0,16.5
39,Breakfast Items,boiled egg,no.,70,6.1,1.5,8.1,25,68.2,7,16.5,82,317.35,11.9,0.18,2.17,84.5,5.8,0.03,44,0.06,0.1,0,0
40,Breakfast Items,bombay khari,no.,41,0.6,1.8,7,0,8.5,0,0.2,2,4.8,0.1,0.03,0.05,0,0,0,2,0.03,0,1.6,0.1
41,Breakfast Items,brown bread sandwitch,no.,93,4.3,1.3,16.1,69.6,246,40.7,16,30,455.62,6.1,0.2,4.3,166.3,91.6,0.14,30,0.24,0.2,0.2,3.1
42,Breakfast Items,bun,no.,310,9.3,6.9,52.6,9.9,225,0,4.6,11,159.3,1.8,0.58,2.88,0,0,0,21,0.05,0.6,8.1,1.7
43,Breakfast Items,burger king (Hamburger),no.,333,17.2,14.7,32.8,61.7,550.5,220.2,0.2,275,0,44.8,2.6,3.05,144,29,0.34,404,0.11,4.8,0,2.4
44,Breakfast Items,chicken burger,no.,46,1,1.7,6.6,10.3,131.2,9.7,0.4,8,43.52,2.9,0.13,0.18,46.8,1.7,0.07,17,0.04,0,4.1,1
45,Breakfast Items,cream biscuit,no.,35,0.5,0.7,7,0,0,0,0,0,12.8,0.7,0.03,0.06,0,0,0,2,0,0,1.4,0.1
46,Breakfast Items,mc cheese burger,no.,313,15.4,14,33.1,198.7,744.9,238,0.7,309,0,0,2.27,2.8,166.6,23.8,0.27,265,0.12,4.8,0.4,1.3
47,Breakfast Items,mc hamburger,no.,265,13,9.8,32.2,127,532.3,213.1,0.6,251,0,0,1.96,2.77,112.3,21,0.27,259,0.11,4.8,0,1.4
48,Breakfast Items,nachani biscuit,no.,37,0.7,2,4,11.1,1,11.6,0,9,75.95,1.6,0.11,0.21,16,6.2,0.14,19,0.03,0.1,4.9,0.5
49,Breakfast Items,salty biscuit,no.,20,0.4,0.8,2.7,0,0,0,0.1,1,2.4,0,0.01,0.02,0,0,0,1,0.01,0,0.8,0
50,Breakfast Items,sandwitch white bread,no.,119,1.6,1.4,24.9,5.1,228.2,0,1.4,11,88,17.2,0.18,0.28,0,0,0,44,0.08,0.3,7.2,0.6
51,Breakfast Items,sweet biscuit marie,no.,18,0.3,0.6,2.8,0,16.8,0,0,1,2.24,0,0.01,0.03,0,0,0,2,0.01,0,0.5,0
52,Breakfast Items,sweet biscuit parle G,no.,24,0.4,0.9,3.7,0,21.5,0,0,2,2.8,0.1,0.02,0.03,0,0,0,2,0.02,0,0.7,0
53,Breakfast Items,toast dry,no.,48,0.1,0.1,11.6,0,28.8,0,0,1,0,0.1,0.06,0.08,0,0,0,4,0.04,0,1.6,0.2
54,Breakfast Items,egg omlete,no. of eggs,110,3.8,2.4,18.4,38.5,128.8,10.7,3.7,208,512,27.4,0.39,0.78,129.9,9,0.05,88,0.17,0.1,1.9,0.5
55,Breakfast Items,brun,piece,264,7,1.9,54.6,11.6,160,0,0.5,30,84.96,1,0.38,0.59,0,0,0,49,0.34,0.7,8.7,1.2
56,Breakfast Items,bread,slice,55,1.5,0.4,11.3,2.4,104.2,0,0.1,6,17.6,0.2,0.08,0.12,0,0,0,10,0.07,0.2,1.8,0.2
57,Breakfast Items,brown bread butter,slice,74,1.1,0.8,15.8,4.2,130.2,0,0.1,22,26,5.2,0.22,0.8,0,0,0,30,0.12,0.6,3.2,0.5
58,Breakfast Items,multi grain bread,slice,69,3.5,1.1,11,26.8,108.9,59.8,0,0,0,19.5,0.4,0.7,59.3,20.3,0.5,100,0.1,1.1,0,1.9
59,Breakfast Items,white bread butter,slice,64,0.7,0.5,12.3,2.2,114.6,0,0.1,15,21.12,4.4,0.18,0.68,0,0,0,22,0.07,0.1,2.6,0.8
60,Breakfast Items,egg bhurji,small bowl,283,19.1,6.5,37.1,98.9,308,27.5,2.5,234,644.6,59.7,1.12,2.39,334,23.1,0.13,62,0.24,0.3,0.2,1.3
61,Breakfast Items,bournvita powder,teaspoon,20,0.5,0,4.5,0,35,0,0.1,0,0.05,0.1,0.03,0.05,0,0,0,0,0,0,0,0
62,Breakfast Items,cocoa powder,teaspoon,39,2,1.1,0.6,12.8,2,152.4,0,23,0,3.2,0.69,1.38,73.4,49.9,0.38,12,0.38,0.2,0,3.2
63,Breakfast Items,complan powder,teaspoon,43,1.6,6,1.5,26,0,0,5.3,14,35,0.2,0.24,0.35,48,7.9,0,12,0,1.6,0,0
64,cereals,curd rice,bowl,191,5.5,7.6,25.2,217.7,339.5,162.6,12.7,175,908.55,7.8,0.45,2.06,141.7,41,0.25,105,0.09,1,26.8,1.2
65,cereals,eggs rice,bowl,234,8.2,4.6,40.4,33.7,594,8.2,1.6,87,225.06,21.9,0.5,1.07,165,43.2,0.28,58,0.1,0.9,10.6,1.8
66,cereals,khichdi w/o oil,bowl,84,3.1,0.3,17.2,15.9,335.5,97.6,0,33,7.92,12.2,0.46,0.51,60.7,27.3,0.18,55,0.06,0.5,10.5,1.4
67,cereals,lemon rice,bowl,245,5.3,12,28.8,66.7,481.2,85.6,8.1,35,313.9,13.6,0.86,2.85,95.3,32.9,0.56,122,0.17,2.3,30.9,2
68,cereals,mung khichdi,bowl,142,5.2,1.1,27.8,17.1,626.5,124.3,3.9,23,112,5.2,0.79,1.03,91.2,41.1,0.3,61,0.35,0.8,11.8,1.7
69,cereals,phodni bhat,bowl,182,7,3.4,30.9,13.1,432,16.5,1.6,46,115.2,11.2,0.5,0.61,80,44.2,0.32,38,0.21,1.3,6.1,1.4
70,cereals,pulao,bowl,291,5.6,7.8,49.3,44.8,603.5,47,3.1,94,95.2,1.7,0.32,0.65,177.8,65,0.43,306,0.22,1.3,12.6,4.4
71,cereals,rice plain,bowl,178,3.1,0.3,40.8,5.2,0,0,1.1,22,40.8,5.1,0.2,0.46,83,46.7,0.31,51,0.03,1,13.5,1.8
72,cereals,sprouted masur mung pulav,bowl,415,10.5,15.3,59,93.5,595,197.6,4.8,153,578,22.4,2.21,4.08,208.2,127.1,1.75,187,0.63,2,69.2,5.2
73,cereals,sweet rice,bowl,495,7.2,19.4,72.9,22.1,0,0,0,81,79.2,1.6,1.15,0.84,84.6,49.3,0.48,13,0.18,1,21.5,0.9
74,cereals,tamarind rice,bowl,263,4.6,12.3,33.3,81.8,253.8,25,1.1,52,244.95,8.9,0.65,3.38,93,27.5,0.33,105,0.16,1.9,21,1.3
75,cereals,tomato rice,bowl,232,4.7,9.8,31.4,125.7,369.2,238.5,29.4,105,357.14,29.6,1.01,1.85,119.7,53.5,0.6,210,0.33,1.5,33.1,2.9
76,cereals,aloo paratha,no.,164,3.9,4.8,33.4,14.1,426.4,97.4,3.8,56,36,9.6,0.9,2.08,105,47.4,0.78,152,0.08,1.9,16.6,8.5
77,cereals,bajra roti med,no.,216,5.3,4,39.8,22,56.7,160.8,1.1,99,61.6,15.4,1.41,4.06,155.1,71.8,0.6,146,0.23,1.2,44.6,6
78,cereals,bati,no.,107,3.4,1.7,19.5,13.5,58,88.7,0,50,8.16,10.1,0.62,1.38,99.9,37.2,0.64,140,0.14,1.2,0,2
79,cereals,cabbage carrot paratha,no.,130,3.5,4.4,19.1,33.6,151.8,97.5,9.5,60,141.21,11.7,0.67,1.55,135.5,46.1,0.63,138,0.17,1.2,7.5,2
80,cereals,cauliflower paratha,no.,137,3.4,4,21.8,15.6,153,88.7,2.5,23,35.76,10.1,0.62,0.95,85.4,36,0.58,49,0.12,1.5,24.9,3
81,cereals,chapati ladu,no.,259,4.5,11.9,33.5,22.9,33.8,116.9,0,5,46.8,13.3,0.82,1.84,134.2,49,0.85,18,0.19,1.6,28.7,3.5
82,cereals,chapati medium,no.,152,4,4.6,23.8,12.9,55,89.3,0.8,22,20,9.5,0.77,1.19,96.2,43.4,0.72,52,0.16,1.7,31.5,3.8
83,cereals,chapati with less oil,no.,140,4.1,3,24.2,12.9,0,89.3,0.8,22,20,9.5,0.77,1.19,96.2,43.4,0.72,52,0.16,1.7,31.5,3.8
84,cereals,dhebra,no.,58,1.6,2.7,6.7,17.2,118,38.1,0.8,5,65,9,0.16,0.19,34.7,16.5,0.22,14,0.03,0.5,8.5,1.7
85,cereals,Gulpoli,no.,314,7.6,13.9,40,102.6,15.4,163.5,0.8,55,61.6,1.4,0.55,0.94,147.6,42.6,0.62,34,0.5,1.3,10,3.7
86,cereals,jawar roti,no.,210,4.5,1.3,45.2,13.5,46.5,70.5,1.2,50,54,9.8,0.84,2.15,119.5,92.1,0.42,171,0.24,1.7,45.4,5.6
87,cereals,jawar+ bajra roti,no.,220,4.9,2.7,44.1,37.2,53.3,145.2,1.2,75,57.6,12.2,0.78,1.53,112.3,54.6,0.45,157,0.2,1.1,50.8,5.8
88,cereals,maize roti medium,no.,213,4.1,2.2,44.4,6,73.6,0,0.8,38,83.2,8,0.93,0.61,95.1,53.5,0.35,178,0.19,1.1,46.8,5.6
89,cereals,masala puri,no.,92,3.2,4.1,10.6,15.8,46.2,48.3,0.3,4,33.75,1.2,0.17,0.05,51.4,20.1,0.26,40,0.03,0.7,16.1,1.5
90,cereals,methi paratha,no.,110,3.4,2.5,21,9.7,244,66.9,1.8,16,254,7,0.46,0.76,72.1,32.5,0.54,76,0.16,1.3,15.7,4.1
91,cereals,naan,no.,235,5.9,5.9,39.7,12.4,49.6,69.9,0,40,13.44,0,0.32,1.45,65.1,29,0.34,64,0.11,1.3,6.9,0
92,cereals,paneer paratha,no.,220,6.6,9.7,26.6,104.8,220.1,124.3,1.4,59,9.95,13,0.81,1.76,175.6,47.3,0.81,176,0.2,1.5,41.3,2.5
93,cereals,phulka w/o oil,no.,77,2.7,0.4,15.7,10.8,28.5,71,0,39,6.54,8.1,0.5,1.1,80.1,29.8,0.52,111,0.11,1,17.6,1.6
94,cereals,puran poli,no.,267,8.2,10.1,36,30.8,19.8,206.2,0,10,72,8.1,0.86,1.12,117.9,44.1,0.44,18,0.14,1,26.8,1.2
95,cereals,puri,no.,79,1.6,3.6,10.1,5.5,23,36.3,0,2,12,0,0.08,0.24,40.9,15.2,0.26,37,0.03,0.5,13.1,1.2
96,cereals,ragi thalipeeth,no.,277,7.2,11.8,35.5,283.9,742,280.5,5.3,210,1240,44.6,1.93,3.07,208.4,82.5,2.16,290,0.51,0.8,87.3,8.5
97,cereals,rice roti medium,no.,166,3,0.2,37.8,4.8,36,0,2.4,38,12.8,8,0.29,0.38,76.9,43.3,0.28,34,0.22,0.9,14.6,2
98,cereals,spinach paratha,no.,119,3.3,3,23,43.9,284,112.1,0.4,37,225.2,7.6,0.21,0.56,74.6,48.7,0.52,58,0.08,1,19.8,9.3
99,cereals,sweet puri,no.,81,1.8,2.6,12.8,4.1,15.3,22.6,0,12,31.2,0.3,0.14,0.13,23.9,8.9,0.15,2,0.09,0.3,7.9,0.4
100,cereals,thalipeeth medium,no.,249,6.9,7.7,38.1,39.6,664,154.7,3.8,69,115.2,1.6,1.16,0.55,119.7,58.2,0.48,172,0.1,1.2,18.5,4.3
101,cereals,phodni chapati,small bowl,230,5.7,9.4,30.9,24.7,192,131.7,1.7,14,64,9.6,1.02,1.06,137.1,55.8,0.89,38,0.05,1.6,35.9,2.7
102,cereals,phodni roti,small bowl,380,7.3,19.3,44.2,39.4,230,209.7,6.3,11,23,22.9,1.42,3.11,218.2,88.9,1.41,31,0.38,2.6,42.4,5.2
103,cereals,rice kanji,small bowl,55,0.9,1.8,8.6,16.7,2.5,15.1,2.4,10,105.79,0.9,0.18,0.25,22.3,16.1,0.08,10,0.03,0.2,9.5,0.4
104,cereals,rice puffed,small bowl,98,2.2,0,22.1,6.9,0,0,0,3,0,0,0,1.98,45,0,0,63,0,1.2,4.9,1.4
105,cereals,warai,small bowl,96,1.5,3.1,15.6,30,110,1,5.1,2,15,0,0.17,0.57,300,10,0.05,66,0.09,2,0,2.6
106,Cereals,oats porridge,katori,70,2.6,3.6,4.1,89,10,56.7,0.5,56,84,3,0.24,0.21,58.7,20.2,0.11,38,0.04,0.1,0,0
107,Cereals,plain tortilla ,no.,55,1.3,1,10.2,1.9,21,34.6,3.7,10,86.4,4.3,0.12,0.13,40.8,16.5,0.07,52,0.01,0.3,2.6,0.6
108,Cereals,rice dumpling,no.,60,1,0.7,12.3,4,7,7.9,0.5,6,50.4,1.4,0.07,0.01,33.6,16.2,0.12,17,0.01,0.3,2.3,0
109,Cereals,sizzelers rice,plate,398,8.8,12.4,62.7,193.1,1056.9,391.6,30.1,216,1598.03,17.1,0.8,2.03,393.9,60.5,0.55,277,0.43,3.2,11,4.8
110,Cereals,spagetti,plate,120,1.4,1.2,25.6,15.2,266,33.1,1.3,0,66.5,3,0.09,0.47,45.6,16.5,0.17,0,0.15,0.7,5,1.1
111,Dry Fruits,almond,no.,9,0.3,0.8,0.1,3,0,9.6,0,7,0,0,0.05,0.07,6.4,4.8,0.02,3,0.01,0.1,0,0
112,Dry Fruits,apricot,no.,15,0.1,0,3.7,5.5,0.6,0,0.3,6,5.4,0,0.01,0.01,3.5,0,0,8,0,0.1,0,1.2
113,Dry Fruits,cashewnut,no.,30,1.1,2.3,1.1,2.5,0.6,25,0,10,3,0,0.3,0.29,22.5,17.5,0.07,32,0.08,0.1,0,0
114,Dry Fruits,dates dry,no.,16,0.1,0,3.8,6,0.2,37.5,0.1,4,3.6,0,0.03,0.02,2.5,3,0,6,0,0,0,0.2
115,Dry Fruits,figs dry,no.,20,0.3,0.1,5.1,12.9,0.8,54.4,0.1,5,9.6,0.7,0.04,0.16,5.4,5.4,0.04,5,0.02,0,0,0.8
116,Dry Fruits,pista,no.,8,0.2,0.6,0.2,1.7,0.1,0,0.1,3,1.73,0.6,0.03,0.05,5.2,0,0,8,0.02,0,0,0
117,Dry Fruits,raisins,no.,2,0,0,0.4,0.4,0.1,0,0,1,0.32,0,0,0,0.4,0,0,1,0,0,0,0
118,Dry Fruits,groundnut roastd,small bowl,570,26.2,39.8,26.7,77,15,0,0.6,104,160,38,0.96,1.26,370,0,1.1,202,0.53,22.1,42.5,6.4
119,Dry Fruits,mix dry fruit,tablespoon,76,1.4,2.4,12.3,18.4,2,37.5,0.7,25,15.2,0,0.06,0.06,32.5,20.4,0.07,52,0.01,0.3,0,1.5
120,Dry Fruits,walnut,tablespoon,34,0.8,3.2,0.6,5,0.1,0,0,20,0.3,0,0,0,19,15.1,0.13,22,0,0.1,0,0.2
121,Fruits,apple,no.,73,0.4,0,17.9,12,33.6,89.7,2.4,22,76.8,6.1,0.1,0.18,16.7,8.4,0.17,38,0.06,0,0,1.4
122,Fruits,avla,no.,9,0.1,0,2.1,7.5,0.8,33.8,51.8,4,2.4,0,0.02,0.1,3,0,0,5,0.01,0,0,0.5
123,Fruits,banana ripe,no.,94,1.2,0,22.5,13.6,29.3,70.3,4.8,18,64,4.4,0.01,0.03,28.8,32.8,0.16,12,0,0.4,3.2,3
124,Fruits,cherries,no.,4,0.1,0,1,1.7,0.2,22.4,0,0,0,0,0,0,1.8,1.9,0.01,0,0,0,0,0
125,Fruits,chiku,no.,47,0.2,0,11.6,12.7,2.7,121.6,3.6,5,57.6,4.8,0.01,0.01,12.2,11.3,0.31,20,0,0.1,0,0.7
126,Fruits,custard apple,no.,94,1.4,0.4,21.1,15.3,3.6,0,9,27,21.6,0,0.04,0.07,42.3,75.6,0.58,18,0.02,1.2,0,0.7
127,Fruits,figs,no.,22,0.8,0.1,4.6,48,0,0,1.2,66,14.4,0,0.24,0.15,18,0,0,72,0.04,0.4,0,1
128,Fruits,figs (dry),no.,31,0.5,0.3,7.3,26.9,1.2,108.4,5.7,8,11.2,0.7,0.05,0.17,7.4,9.2,0.05,8,0.02,0,0,0.9
129,Fruits,fruit delhi,no.,77,0.8,0.1,18.3,11.6,23.5,86.2,2.7,24,57,3.5,0.03,0.23,21.6,18.3,0.11,36,0.15,0.2,2.3,1.7
130,Fruits,fruit pune,no.,89,0.8,0,21.4,24.3,24.1,59.7,10.1,21,108,7.8,0.05,0.12,28.4,21.3,0.11,32,0.02,0.2,2.3,2.9
131,Fruits,fruit raipur chennai,no.,90,0.9,0,21.5,13.5,32.2,81.3,4,21,72,5.3,0.05,0.1,25,24,0.17,24,0.03,0.2,2,2.5
132,Fruits,grapes,no.,3,0,0,0.8,0.8,0.1,0,0.1,1,0.27,0,0,0.02,1.2,3.3,0,1,0.01,0,0,0
133,Fruits,guava,no.,37,0.3,0,9.4,7.8,4.9,70.7,54,18,57.6,0,0.01,0.02,21.8,18.6,0.11,18,0,0.3,13.5,4.7
134,Fruits,jambhul,no.,9,0.1,0,2.1,2.2,3.9,8.2,1.8,5,9.6,0,0.02,0.05,2.2,5.9,0.02,4,0.01,0,0.3,0.1
135,Fruits,khajur,no.,7,0.1,0,1.7,1.1,0.1,0,0.2,6,3.6,0,0.02,0.02,1.9,0.6,0,4,0,0,0,0.2
136,Fruits,lemon,no.,11,0.2,0.2,2.2,14,0.4,54,5.6,3,1.6,0,0.01,0.01,2,3.8,0.01,3,0,0,0,0.1
137,Fruits,lychee,no.,7,0.1,0,1.6,0.5,0.1,17.1,7.2,5,0,1.4,0.01,0.03,3.1,1,0.01,0,0.02,0.1,0,0.1
138,Fruits,mango green,no.,44,0.7,0.1,10.1,10,43,83,3,10,90,0,0.07,0.33,19,16,0.07,40,0.03,0.2,5,0
139,Fruits,mango r,no.,119,0.9,0.1,28.8,22.1,41.4,323.7,28.8,43,1440,12.1,0.14,1.01,25.3,426.4,0.21,56,0.04,1.4,0,1.3
140,Fruits,orange,no.,61,0.5,0,14.7,32.1,5.6,11.5,15.5,16,126,8.9,0.04,0.11,24.7,11.1,0,34,0.01,0,0.7,2.7
141,Fruits,peaches,no.,65,1.6,0.4,13.6,19.5,2.6,588.9,7.8,39,0,5.2,0.26,3.12,53.3,27.3,0.13,26,0.08,0.6,1.3,1.3
142,Fruits,pears,no.,70,0.8,0.3,16.1,10.8,8.2,129.6,0,40,37.8,0,0,0.68,20.2,9.4,0,81,0.54,0.3,1.4,0
143,Fruits,prunes dehydrated,no.,32,0.4,0.1,8.5,6.8,0.5,100.5,0,19,41.8,0,0.07,0.33,10.6,6.1,0.03,10,0.06,0.3,0,0
144,Fruits,prunes fresh,no.,37,0.3,0.2,8.4,6.6,0.7,106.3,0,20,44.22,0,0.07,0.33,11.9,5.9,0.03,10,0.06,0.3,0,0
145,Fruits,raiavla,no.,3,0.1,0.1,0.6,0.6,0.2,0,32.5,2,1.6,0,0.01,0.04,0.6,0,0,2,0,0,0,0
146,Fruits,ramphal,no.,42,0.8,0.1,9.4,6,2.4,0,1.8,12,38.4,0,0.05,0.11,6,0,0,12,0.03,0.4,0,0.5
147,Fruits,stawberry,no.,7,0.1,0,1.5,4.5,0.2,0,6.2,3,8.4,0,0.01,0.01,4.5,0,0,4,0,0,0,0.3
148,Fruits,sweetlime,no.,30,0.6,0.2,6.5,28,1.4,343,28.7,16,28,0,0.04,0.09,21,0,0,7,0.04,0,0,2.5
149,Fruits,tamarind,no.,28,0.3,0,6.7,17,0,0,0.8,1,2.4,0,0.01,0.03,11,4.1,0.06,1,0,0.1,0,0
150,Fruits,ziziphegus,no.,7,0.1,0,0,0,0,0,0.3,2,1.6,0,0.01,0.01,0,0,0,1,0,0,0,0
151,Fruits,jackfruit,piece,40,0.9,0,8.9,9,1.3,0,0.5,63,10.8,0,0.04,0.09,18.4,10.8,0.03,63,0.01,0.2,7.6,0.5
152,Fruits,papaya,piece,18,0.3,0.1,4,9.4,3.3,38,8.8,14,366.3,0,0.03,0.03,7.2,6.1,0,22,0.01,0.1,2.2,0.7
153,Fruits,pineapple,piece,23,0.2,0.1,5.4,10,17.5,18.5,8,80,16,0,0.05,0.03,4.5,16.5,0.28,20,0.03,0.1,1,0.4
154,Fruits,dalimb dane,small bowl,42,1,0.1,9.4,6.5,0.6,86.4,10.4,13,10.4,0,0.01,0.13,45.5,28.6,0.5,6,0.03,0.2,7.1,1.4
155,Fruits,kharbuj,small bowl,11,0.2,0.1,2.3,20.8,68,221.6,16.9,52,109.85,0,0,0.91,9.1,20.1,0,72,0.02,0.2,0,0.3
156,Fruits,watermelon,small bowl,10,0.1,0.1,2.1,7.1,17.7,104,1.9,6,5.2,0,0.04,0.03,7.8,8.4,0,6,0.01,0.1,0,0.1
157,Milk Product,cheese,cube,71,1.6,6,2.7,136.1,107.8,22.5,0,12,297.25,7.5,0.09,0.1,89.6,2.8,0,32,0.01,0,0,0
158,Milk Product,milk buffalo,cup,152,5.6,8.4,6.5,218.4,24.7,117,1.3,130,208,7.3,0.39,0.26,117,40.3,0,52,0.06,0.1,0,0
159,Milk Product,milk cow,cup,74,3.5,4.5,4.8,132,80.3,154,0,201,30.8,22,0.43,0.06,99,11,0,48,0.01,0.1,0,0
160,Milk Product,milk whole with 3.25% fat ,cup,78,4.2,4.2,5.9,146.9,0,185.9,0,238,6.5,0,0.52,0.04,118.3,13,0,57,0.01,0.1,0,0
161,Milk Product,buttermilk,glass,34,1.8,2.5,0,40.5,0,0,2.3,276,354.2,7.1,0.28,0.23,40.1,0,0,28,0,0,0,0
162,Milk Product,lassi,glass,147,2.2,2.8,28.6,105.4,545.6,89.2,8.4,0,0,0,0.02,0.09,64.1,0,0,0,0.02,0.1,0,0
163,Milk Product,curds buffalo milk,small bowl,72,3.7,4.4,9,117.1,27.5,104.5,1.1,176,633.6,13.8,0.65,0.22,72.9,11,0,55,0.01,0.1,0,0
164,Milk Product,curds cows milk,small bowl,57,2.9,2.7,5.4,141.6,30.4,123.5,0.9,152,29.45,11.9,0,0.19,88.3,0,0,48,0,0.1,0,0
165,Milk Product,kadhi,small bowl,51,1,0.5,10.8,43.8,237.5,0,6.4,15,210,3.4,0.09,0.1,25,0,0,18,0.04,0.1,0.5,0.1
166,Milk Product,paneer bhurji,small bowl,375,15.2,29.2,12.8,548.9,341,75.3,18.4,33,380.6,9,0.31,0.58,322.7,23.6,0.29,55,0.15,0.3,0.8,0.7
167,Milk Product,paneer butter masala,small bowl,200,6.2,17.1,5.5,217.6,300,23.7,4.6,12,310.8,3.4,0.16,0.23,133.3,12,0.16,24,0.07,0.1,0.2,0.2
168,Milk Product,butter ,teaspoon,58,0.1,6,1,1.9,0.9,1.9,0,1,204.8,0,0.01,0,1.9,0.2,0,1,0,0,0,0
169,Milk Product,ghee,teaspoon,72,0,8,8,0,0,0,0,0,128,0,0,0,0,0,0,2,0,0,0,0
170,Milk Product,salted butter,teaspoon,50,0.1,5.7,0,1.7,40.3,1.7,0,2,11.06,0.2,0.01,0,1.7,0.1,0,0,0,0,0,0
171,Miscelleneous,chicken noodle,bowl,245,9.6,4.1,53,82.5,275,77.8,5.2,32,300,8.5,0.6,0.83,375.8,13.7,0.55,115,0.3,0.4,11.5,2.1
172,Miscelleneous,chicken soup,bowl,61,2.8,1.2,19.9,21,378,20.2,2.1,19,319.2,3.4,0.25,0.38,98.7,3.6,0.15,44,0.21,0.2,2.8,2.1
173,Miscelleneous,daldhokli,bowl,80,3.1,2.1,12.3,14.2,417,132.1,0.8,20,570,19.5,0.19,0.21,51.6,17.8,0.19,28,0.01,0.7,11.4,1.8
174,Miscelleneous,egg curry,bowl,337,8.3,30.4,7.5,92.3,252,67.5,6.5,22,319.2,46.3,0.66,2.12,162.2,8.5,0.65,12,0.18,0.5,0,0.7
175,Miscelleneous,burger king french fries,medium,387,4.1,20.4,46.9,10.5,532.3,553.4,0.8,35,0,0,1.29,1.51,167.3,35.1,0.28,202,0.17,2.7,10.4,3.4
176,Miscelleneous,french fries,medium,350,3.9,18,45.4,18.2,221.2,638.4,5.6,41,0,0,0.5,1.17,150.5,36.5,0.26,374,0.13,3.1,10.1,4.7
177,Miscelleneous,Avla petha,no.,1,0,0,0.4,0.3,0,1.3,3.5,0,0.06,0,0,0.01,0.1,0.1,0,0,0,0,0,0
178,Miscelleneous,cheese pizza r,no.,272,11.6,8.9,36.5,142,506.7,161.1,0,228,775.92,0,1.22,2.44,198.2,25.4,0.32,176,0.14,3.4,10.3,1.5
179,Miscelleneous,chicken burger,no.,46,1,1.7,6.6,10.3,131.2,9.7,0.4,8,43.52,2.9,0.13,0.18,46.8,1.7,0.07,17,0.04,0,4.1,1
180,Miscelleneous,chicken cutlet,no.,232,29,12.7,0.7,55.8,229.5,57.6,2.4,12,44.2,0.3,0.35,2.3,139,16.1,0.12,36,0.09,0.5,0,2.7
181,Miscelleneous,Domino's cheese pizza thin,no.,123,5.1,6.6,10.9,86.6,193.8,71.8,0,43,444.6,0,0.65,0.28,117.4,10.1,0.1,34,0.04,0.4,3.7,0.8
182,Miscelleneous,Domino's pepperoni pizza,no.,324,13.9,12.6,38.7,146.4,608.4,211.2,0,268,676.8,0,1.48,2.83,222,30,0.38,211,0.15,4.3,11.6,1.8
183,Miscelleneous,kabab mutton,no.,164,10.4,5,19.3,37.8,175,35.6,2.2,2,611.1,0,2.52,2.87,172.2,6.3,0.25,48,0.09,0.2,11.6,1.7
184,Miscelleneous,maize dumplings,no.,94,2.7,1.7,16.8,6.2,48,78.4,0.5,10,96,2.8,0.21,0.22,95.4,36.3,0.16,26,0.17,0.5,6.1,1.6
185,Miscelleneous,papa jones cheese pizza,no.,304,13.5,10.8,38.3,194.2,676.3,161.5,0,1433,842.4,52.6,1.45,2.3,237.5,28.1,0.4,530,0.15,3.6,11.3,2.2
186,Miscelleneous,Pizza Hut cheese pizza reg,no.,260,11.5,10.5,30,200.6,657.6,166.1,0,246,852.48,0,1.58,1.87,239,21.1,0.3,253,0.09,3.2,9.3,1.7
187,Miscelleneous,Pizza Hut pepperoni pizza,no.,269,12.3,10.9,30.3,148.8,769,198.7,0,260,656.64,0,1.61,2.05,209.3,22.1,0.35,307,0.1,3.9,9.6,1.6
188,Miscelleneous,Pizza Hut supreme pizza reg,no.,309,13.8,13.6,32.5,163.8,875,295.9,0,307,548.64,0,1.84,2.54,254,29.2,0.41,338,0.16,4.5,10.6,2.5
189,Miscelleneous,fish fry,piece,88,7.7,5.8,1.2,16.5,47.5,15.6,2,5,18.5,3.5,0.11,0.19,75.2,2.7,0.11,10,0.04,0.1,0.9,0.1
190,Miscelleneous,American chopsui,plate,228,5.2,7.9,34.1,25,375,2.5,1.7,48,400,9.1,0.25,0.47,250,30,0.02,52,0.1,5,6.1,1.8
191,Miscelleneous,chicken biryani,plate,312,4.6,17.9,32.9,19.9,427.5,23.5,4.6,264,27,0.4,0.39,4.08,154.6,41.1,0.3,327,0.04,1,0,4.5
192,Miscelleneous,kheema,plate,222,14.1,6.7,26.2,51.4,300,48.5,3.7,2,1047.6,0,3.36,3.84,234.3,8.5,0.34,65,0.12,0.2,15.4,2.2
193,Miscelleneous,mutton biryani,plate,288,6.8,17.1,26.7,54.8,420,51.6,0.9,21,37.5,1.2,1.56,3.55,249.3,9.1,0.36,27,0.09,0.3,3.9,0.6
194,Miscelleneous,noodles,plate,225,8.7,3.6,38.5,27.5,412.5,60,8,12,220,8.5,0.5,0.61,82.5,30,0.3,112,0.28,1.3,11.5,2.1
195,Miscelleneous,chicken masala,small bowl,111,2.6,4.2,15.5,24.6,378,23.2,1.4,11,108,2.8,0.28,0.34,112.2,4.1,0.16,12,0.14,0.1,3.6,1.2
196,Miscelleneous,fish curry,small bowl,211,18.6,14,2.8,39.6,114,37.3,2.6,44,374.4,16.5,1.06,1.88,180.4,6.6,0.26,92,0.37,0.2,2.2,0.3
197,Miscelleneous,gond kheer wo milk,small bowl,46,0.5,2.4,6.7,5.6,1,13.4,0,0,2.2,0,0.09,0.27,0,4.6,0,0,0.04,0,0,0
198,Miscelleneous,groundnut raw,small bowl,454,20.2,32.1,20.9,72,14.4,0,0,104,29.6,16,3.12,2,280,0,0.88,720,0.72,15.9,33.6,5.1
199,Miscelleneous,khaskhas subzi,small bowl,96,4.2,5.2,8,302.8,130.9,13.8,2.5,8,66.69,0.6,0.85,3.26,87.2,51.9,0.84,8,0.14,0.1,0.8,0.1
200,Miscelleneous,macher zhol,small bowl,168,13.7,10,5.9,376.5,255.2,139.5,3.7,11,5.81,1.6,0.2,0.97,182.5,8.6,0.13,33,0.14,0.8,0.9,0.3
201,Miscelleneous,mutton masala,small bowl,250,15.8,7.6,29.5,57.9,290.2,54.5,4.2,3,1178.55,0,3.78,4.32,263.6,9.6,0.39,73,0.14,0.3,3.6,2.5
202,Miscelleneous,chik kurdai,tablespoon,30,1,0.1,6.4,5.1,12.2,13.9,0,8,3.66,0,0.06,0.26,11.7,6,0.06,12,0.02,0.2,3.7,0
203,Miscelleneous,cream plain,tablespoon,52,0.3,5.5,0.4,9.8,5.7,11.2,0.1,12,0,0.6,0.04,0,9.3,0,0,0,0,0,0,0
204,Miscelleneous,dates dry coconut dry,tablespoon,63,0.6,2.8,8.8,30.6,0.5,78.8,0.5,10,7.56,0.7,0.28,0.39,14.7,6.2,0.28,16,0.05,0.2,0,0.4
205,Miscelleneous,mayonnaise dressing,tablespoon,103,0,11.7,0,1.1,72.9,2.1,0,9,0,0,0.02,0.03,3.8,0.2,0,2,0,0,0,0
206,Miscelleneous,cane sugar,teaspoon,32,0,0,8,1,0,0,0,0,0,0,0,0.01,0.1,0,0,0,0,0,0,0
207,Miscelleneous,chyavanprash,teaspoon,29,0.1,0.3,6.7,0,0,0,5,0,0,0,0,0,0,0,0,0,0,0,0,0
208,Miscelleneous,coconut fresh chutney,teaspoon,33,1.1,2.1,2.5,9.1,31.5,12.1,1.6,2,30,1.7,0.04,0.32,23.5,3.2,0.01,1,0.01,0.2,0.6,0
209,Miscelleneous,cooking oil,teaspoon,90,0,10,0,0,0,0,0,0,0,0,0,0,0,0,0,0,0,0,0,0
210,Miscelleneous,dudhi sal chutney,teaspoon,47,1.8,3.3,2.4,81.8,20.3,10.2,0.5,3,10,7.2,0.72,0.61,43.5,2.4,0.1,8,0.14,0.8,5.1,0
211,Miscelleneous,garlic chutney,teaspoon,28,0.3,1.9,2.6,4.8,16.8,2.6,0.1,4,1.15,0.6,0.14,0.24,20.4,1.4,0.08,2,0.03,0.7,0,0
212,Miscelleneous,groundnut chutney,teaspoon,32,1.1,1.2,4.2,11.4,20.3,7.5,0,7,11.2,2.7,0.07,0.09,22.8,2.5,0.06,14,0.04,1.2,3,0.4
213,Miscelleneous,honey,teaspoon,22,0,0,5.6,0.3,0,0,0,0,0,0,0,0.05,1.1,0,0,0,0,0,0,0
214,Miscelleneous,jaggery,teaspoon,38,0,0,9.5,8,0,0,0,0,0,0,0,0.03,4,0,0,0,0,0,0,0
215,Miscelleneous,kairi chunda,teaspoon,10,0,0,2.6,1.1,70.4,2.2,0.1,1,1.92,0,0,0.02,0.9,0.4,0,2,0,0,0.2,0
216,Miscelleneous,kharda,teaspoon,7,0.2,0.5,0.5,1.2,16.3,0,3.1,1,4.6,0.8,0.07,0.13,6.2,8.1,0.05,1,0.04,0,0.6,0
217,Miscelleneous,lemon pickle,teaspoon,7,0.1,0.5,0.6,3.5,59.2,10.3,1.3,2,1.75,0.1,0.01,0.14,2.7,0.7,0.02,6,0,0.1,0.6,0
218,Miscelleneous,lemon sweet pickle,teaspoon,17,0.1,0.2,3.7,2.4,75.8,5.7,0.7,2,1.04,0,0,0.08,1.5,0.4,0.01,3,0,0,0.3,0
219,Miscelleneous,mango pickle,teaspoon,34,0.6,2.8,1.6,9.6,120.8,12.8,0,0,0,0,0,0,24.8,3.4,0.01,0,0,0.2,6.3,0
220,Miscelleneous,metkoot,teaspoon,19,0.9,0.2,3.5,7.6,10.6,10.1,0,2,1.05,0.2,0.07,0.03,19.7,2.7,0.01,1,0.01,0.1,3.1,0.2
221,Miscelleneous,mix pulses chutney,teaspoon,18,0.5,0.4,3.2,6.9,15.4,9.2,0.2,1,1.6,0.2,0.11,0.03,17.8,2.5,0.01,1,0.01,0.1,2.4,0.2
222,Miscelleneous,prawns curry,small bowl,107,4.5,2.4,1.8,25.8,126,24.3,2.6,29,374.4,10.7,0.7,1.22,117.4,4.3,0.17,60,0.24,0,3.6,1
223,Miscelleneous,pudina chutney,teaspoon,7,0,0.1,1.5,2.7,19.6,3.6,0.2,0,24.8,0.5,0,0.01,7,1,0,2,0,0.1,0.1,0
224,Miscelleneous,sesame chutney,teaspoon,22,0.7,0.7,3.3,45.5,15.1,5.7,0.1,5,10,0.8,0.05,0.07,24.2,1.3,0.06,9,0,0.5,1,0.2
225,Miscelleneous,strawberry sundae,no.,281,5.7,7,50,195.8,83.7,307.9,2.7,347,1730.16,0,0.69,0.18,162,19.6,0.13,69,0.03,0.2,0,0
226,Miscelleneous,sunthwada,no.,59,0.2,0.4,13.6,2.8,0,0,0.4,2,5.48,0,0.12,0.25,4,26.1,0.36,4,0.05,0,0,0
227,Miscelleneous,tandoor chicken,piece,155,3.6,5.9,21.8,34.5,137.5,32.6,0.6,15,44,3.9,0.4,0.47,157.3,5.7,0.23,17,0.19,0.2,5,1.6
228,Miscelleneous,tofu fried ,piece,35,2.2,2.6,1.4,48.4,2.1,19,0,6,1.56,0,0.26,0.63,37.3,7.8,0.19,22,0.05,0,2.4,0.5
229,Miscelleneous,tomato sauce,teaspoon,5,0.1,0,1.1,4,65.4,11.4,2,5,24.56,2.1,0.04,0.06,2.4,0.6,0.03,10,0.02,0,0.1,0.1
230,Miscelleneous,veg chowmein,plate,342,7.1,12.8,49.8,40.2,1140,96.6,18.6,6,600,27.1,0.24,0.48,114,43.5,0.39,219,0.03,1.8,11.7,5.6
231,Miscelleneous,veg manchurian,plate,691,16.2,27.6,94.6,75.2,374.4,7.5,21.1,458,103.2,8.7,0.72,10.66,751.7,90.2,0.07,48,0.48,15,0.8,9
232,Miscelleneous,veg pizza 8 size,no.,803,25.8,35.2,95.7,28.7,1462.5,0,13.7,400,1040,71.8,1.76,1.95,0,0,0,426,1.2,1.8,27.2,6.6
233,Miscelleneous,veg stuffed tortilla,no.,101,3.8,1.9,17,27.7,311.9,45.5,9.5,19,198.88,9.9,0.25,0.36,87.7,35.6,0.21,103,0.02,0.4,4.5,1.3
234,Miscelleneous,white sauce,tablespoon,22,0.6,1.6,1.4,17.7,53.1,23.4,0.1,3,0,1.2,0.06,0.05,14.7,2.1,0.01,12,0,0,0,0
235,pulses,kulith pithale,katori,66,2.4,3.4,6.5,43.5,197,91,2.8,30,96,7.9,0.36,1.28,41,22.9,0.23,50,0.2,0.2,11.8,1.5
236,pulses,sprout delhi,katori,59,2,1.6,9.1,29.3,4.6,85.8,0.4,10,110,5,0.3,0.31,30.4,13.7,0.15,9,0.13,0.3,5.6,0.8
237,pulses,bengalgram dal curry,small bowl,115,4.2,2.9,18.2,23.8,198,206.1,1,6,211.2,6,0.13,0.82,74.6,26.1,0.19,19,0,0.4,16.2,1.1
238,pulses,bengalgram green,small bowl,65,1.5,0.9,12.6,34.3,384,99.9,7.4,17,153.6,3.6,0.48,0.6,39.1,18.6,0.16,29,0.24,0.3,1,3.1
239,pulses,bengalgram roasted,small bowl,258,15.8,3.6,40.7,40.6,25.9,565.6,0,0,79.1,15.4,3.5,6.65,238,83.3,0.84,140,0.7,0.9,111.3,0.7
240,pulses,bengalgram(chhole),small bowl,71,2.2,2.9,9.3,33,281.8,96.8,0.9,15,179.4,9.2,0.28,0.34,34.2,15.5,0.17,15,0.18,0.4,6.7,1
241,pulses,blckbeans,small bowl,145,2.9,2.4,28,76,288,222.7,4.2,71,172.8,7.2,1.08,1.68,78.8,35.6,0.39,54,0.36,0.8,10.2,1
242,pulses,cooked red gram dal(waran),small bowl,52,1.4,0.9,9.5,16.7,38.5,131.2,0.9,12,88,9.9,0.29,0.44,39.3,11.5,0.17,8,0.22,0.4,4.6,0.6
243,pulses,cow pea usal,small bowl,100,2.6,1.4,19.2,28.8,352.5,246.4,3.2,19,100,5,0.47,0.9,84,43.4,0.28,22,0.43,0.5,7.9,1
244,pulses,dalimbi usal,small bowl,56,1.6,1.2,10,29,324,85.1,10,8,75.6,1.2,0.38,0.29,30.1,13.6,0.15,4,0.05,0.3,5.8,0.5
245,pulses,fieldbeans dal usal,small bowl,103,3.7,2.2,17.3,54,336,158.3,0,30,105.6,2.4,0.46,0.3,56,25.3,0.28,7,0.04,0.6,2.9,1.5
246,pulses,geen gram dal tadka,small bowl,107,4.8,3.5,13.9,43.8,222,187.5,1.7,6,28.8,1.2,0.65,1.03,74.3,30.9,0.49,11,0.12,0.5,7.8,2
247,pulses,green gram usal,small bowl,79,2.8,1.1,14.5,33.9,331.1,145.1,2.8,3,140.8,3.3,0.79,1.01,57.5,23.9,0.38,37,0.2,0.4,7.2,0.7
248,pulses,horsebeans,small bowl,84,2.2,2,14.3,22.8,246,195.5,4.3,24,153.6,8.4,0.77,1.03,66.6,34.4,0.22,23,0.34,0.4,7,1
249,pulses,lentil usal,small bowl,163,7.5,4.6,23.1,58.7,327.8,189.3,6.2,79,71.3,8.2,0.63,1.23,95.4,32.6,0.28,69,0.13,0.9,15.3,8.8
250,pulses,moth beans usal,small bowl,178,4.1,3.5,32.4,76.8,366,255.8,12.7,82,86.4,9.6,0.82,1.84,82.2,53.4,0.08,43,0.16,0.5,12.7,0.8
251,pulses,navybeans,small bowl,118,9.1,2,24.8,61.6,312,180.6,3.1,6,115.2,9.6,0.17,0.29,63.9,28.9,0.32,6,0.02,0.7,2.6,1.9
252,pulses,peas usal,small bowl,87,3.2,1.5,15.3,39.1,400.4,78.9,6.8,4,124.8,2.6,0.57,0.68,54.3,21.4,0.05,23,0.31,0.5,4.7,0.3
253,pulses,pithale,small bowl,70,2.8,1.9,10.5,16.2,383.6,85.1,2.2,17,212.8,4.2,0.66,0.76,43.6,18,0.15,17,0.28,0.3,6.4,1.6
254,pulses,rajma,small bowl,64,2.5,0.9,11.6,34.3,317.4,100.6,0,8,73.6,2.3,0.41,0.37,35.6,16.1,0.18,5,0.12,0.4,6.2,0.7
255,pulses,rasam,small bowl,40,1.8,0.5,7.2,47,7.2,99.2,6.5,36,112.72,11.8,0.24,1.45,33.2,24.4,0.31,60,0.16,0.3,11.7,0.7
256,pulses,red gram dal curry,small bowl,156,2.1,13.1,7.6,11.4,236.4,97.1,0.5,24,13.2,9.6,0.1,0.78,35.8,9.5,0.11,36,0.11,0.3,3.5,0.5
257,pulses,red gram dal tadka,small bowl,78,2.9,1.9,12.3,19.6,186.3,116.5,2.9,9,230,3.4,0.2,0.33,36.9,12.4,0.12,18,0.16,0.4,3.4,0.7
258,pulses,sambhar,small bowl,38,1.2,1.7,4.5,10.4,213.4,89,5.7,8,616,3.3,0.06,0.09,32.8,8.7,0.1,16,0,0.6,3.3,0.7
259,pulses,soyabean,small bowl,89,4.7,2.9,11.1,42.9,441.6,125.6,6.2,8,76.8,16.8,1.44,0.58,44.4,20.1,0.22,6,0.19,0.5,7,0.9
260,pulses,soyachunk subzi,small bowl,151,2.3,10.3,12.5,101.1,306,196.9,33.1,72,523.76,20.1,0.76,1.52,74.8,50,0.56,144,0.35,0.6,4,1.7
261,pulses,udiddal tadka,small bowl,108,4.9,4,13,53.5,337.5,185.7,4.8,50,55,26.3,0.66,1,88.8,33.9,0.28,112,0.21,0.6,32,2.8
262,Salad,lettuce green leaf,cup,5,0.5,0.1,1,12.6,9.8,67.9,6.3,28,1554,0,0.06,0.3,10.1,4.5,0.09,24,0.01,0.1,0,0.5
263,Salad,beet raw,no.,41,1.6,0.1,8.4,17.4,57,40.8,9.5,86,0,0,0.86,1.13,52.2,8.6,0.18,38,0.28,0.4,0,1.7
264,Salad,carrot raw,no.,34,0.6,0.1,7.4,56,25.2,75.6,2.1,14,1323,10.5,0.25,0.72,371,11.9,0.11,28,0.07,0.4,0,1.1
265,Salad,onion raw,no.,30,0.7,0.1,6.7,28.1,2.4,76.2,6.6,6,0,3.6,0.25,0.36,30,9.6,0.11,48,0.11,0.2,0,0.6
266,Salad,tomato raw,no.,14,0.6,0.1,2.5,33.6,9.1,102.2,18.9,42,245.7,21,0.29,0.45,14,0,0.18,84,0.13,0.3,0,0.7
267,Salad,cucumber raw,no.,12,0.4,0.1,2.4,9.5,9.7,47.5,6.7,0,0,14,0.22,0.57,23.8,13.3,0.13,285,0.09,0.2,0,0.5
268,Salad,cooked beat,small bowl,25,1.2,0.3,11.7,17.4,21,3.8,0.7,3,0,0,0.08,0.98,16.7,12.3,0.08,11,0.05,0.1,0,0.8
269,Salad,baingan bharit,tablespoon,34,0.4,1.3,5.2,8.6,51.2,70.8,1.5,25,40.25,3.8,0.05,0.21,24.9,5,0.06,16,0,0.8,0,0.1
270,Salad,beet salad,tablespoon,8,0.4,0.1,3.8,5.7,46,1.2,1.6,2,0,0,0.04,0.32,5.4,4,0.03,11,0.02,0,0,0.3
271,Salad,cabbage salad,tablespoon,11,0.1,0.1,2.2,6.6,42.8,1.4,1.3,1,14.4,0.6,0.01,0.01,6.3,4.6,0.03,3,0,0.1,0,0
272,Salad,cabbage tomato carrot salad,tablespoon,62,0.7,1.2,12.2,34.7,57,40.3,1.8,3,36,2.2,0.16,0.08,80,18.3,0.14,5,0,0.6,0,0.2
273,Salad,carrot onion salad,tablespoon,58,0.5,1.5,10.8,32.5,55,7.2,1.2,4,244,1,0.16,0.07,31.2,22.9,0.16,4,0,0.3,0,0.2
274,Salad,carrot salad,tablespoon,22,0.6,0.7,3.3,20.9,53,28.3,3.3,8,277.4,0.2,0.04,0.21,126.7,5.8,0.06,17,0.03,0.3,0,0.2
275,Salad,cucumber curd salad,tablespoon,30,0.1,0.8,5.7,16.6,65.4,32.8,1.5,7,31.2,1.2,0.03,0.03,26.3,10.2,0.11,2,0,0.6,0,0
276,Salad,cucumber salad,tablespoon,12,0.4,0.1,2.4,9.5,9.7,47.5,6.7,0,0,14,0.22,0.57,23.8,13.3,0.13,285,0.09,0.2,0,0.5
277,Salad,knolkol salad,tablespoon,32,0.5,1,6.9,23.9,67.5,5.3,4.8,14,15.6,0.3,0.07,0.38,23,16.9,0.12,24,0.05,0.2,0,0.1
278,Salad,methi salad,tablespoon,21,0.2,0.3,4.2,7.3,31.5,21.5,1.3,1,199.65,3.3,0.01,0.08,12.2,10.7,0.08,5,0.01,0.1,0.3,0.1
279,Salad,mix salad,tablespoon,10,0.3,0,2.1,13.8,4.8,32.3,3.6,7,168,4.9,0.11,0.22,46.8,3.5,0.06,40,0.04,0.1,0,0.3
280,Salad,onion salad,tablespoon,15,0.2,0.8,2.8,7.2,32.2,1.6,0.9,10,1.65,0.2,0.03,0.17,6.9,5.1,0.03,14,0.02,0.1,0,0
281,Salad,pumpkin curd salad,tablespoon,32,1,2,2.5,16.8,64.2,32.4,0.4,24,29.7,2.3,0.1,0.15,21.3,5.5,0.02,21,0.02,0.4,0,0
282,Salad,raddish salad,tablespoon,19,0.2,0.4,3.6,11.1,46,2.5,1.4,16,60.6,0.2,0.04,0.17,10.7,7.8,0.05,10,0.01,0.1,0.4,0.2
283,Salad,red amarnath salad,tablespoon,15,0.2,0.2,3.2,48.5,34.7,7,3.7,1,459,6.9,0.01,0.08,14.2,2,0.02,11,0,0.1,0.4,0.1
284,Salad,salad leaves salad,tablespoon,13,0.2,0.2,2.7,7.5,30.2,1.7,0.5,2,120,1.2,0.01,0.03,7.2,5.3,0.04,2,0,0.1,0,0
285,Salad,spinach salad,tablespoon,20,0.3,0.3,4.1,24,45.8,65.4,1.6,1,590.85,5,0.01,0.05,10.7,21.1,0.19,10,0,0.3,0.5,0.1
286,Salad,tomato kut salad,tablespoon,19,0.5,0.6,2.8,10.1,52.5,25.3,2.9,6,171.75,0.2,0,0.02,11.9,0.8,0.06,28,0,0.4,0.7,0
287,Snacks,bread chivda,bowl,226,5.9,2,46.1,19.1,356,30.6,0.7,28,69.76,1.3,0.36,0.51,17.4,15.2,0.11,38,0.26,0.8,7.8,1
288,Snacks,bread pudding,bowl,214,3.4,8.8,30.1,232.8,201.6,93.2,0,52,468,26.8,0.13,0.29,180.4,0,0,20,0.04,0.2,0,0
289,Snacks,kandapohe,bowl,558,11.5,14.6,96,51.3,515.2,233.8,10.6,64,51.2,1.6,0.67,1.5,297.8,125.6,0.17,272,0.75,4.4,28.5,5.1
290,Snacks,sago khichdi,bowl,234,4.1,10,32,27.7,288,10,4.5,54,544,23,0.22,0.35,48.2,5.8,0.04,83,0.02,3.6,5.1,3.4
291,Snacks,sevai upma,bowl,360,8.6,10.2,58.4,34.7,348.8,148.5,4.6,62,46.65,9.3,0.4,1.94,123.5,42,0.16,202,0.33,2.3,20,0.8
292,Snacks,shira sweet,bowl,434,3.5,19,62.7,17.2,10.5,41.4,4.6,0,132,10.2,0.5,2.06,62.9,8.3,0.04,28,0.51,0.9,13.1,1.8
293,Snacks,sprout bhel,bowl,164,6,4.4,24.9,48.4,330.8,179.9,23.3,63,266.44,7.1,0.72,1.62,143.2,30.2,0.38,189,0.26,2.5,12.9,2.7
294,Snacks,sweet potato grated subji,bowl,290,3.3,12.2,41.7,6.3,87,0.6,4.4,42,1.45,0.2,0.55,2.15,62.9,7.6,0.01,86,0.15,1.3,0.2,0.9
295,Snacks,tikhat sanja,bowl,339,8,10,54.5,55.7,619.2,119.7,8.4,48,56,7.1,0.45,2.72,103.5,20.3,0.35,160,0.16,2,3.3,0.6
296,Snacks,upma,bowl,381,6.7,10.4,65.6,64.3,438.4,188,11,10,168,1.6,0.66,0.98,120.4,29.1,0.22,192,0.51,1.5,16.7,6.4
297,Snacks,veg dalia,bowl,242,7.2,13.1,26,52.8,401.6,194.4,9.6,80,2688,28.1,1.28,2.08,169.6,54.5,0.75,240,0.35,2.6,80.5,5.2
298,Snacks,popcorn,cup,31,1,0.3,6.2,0.9,0.1,0,0,24,0,0,0.25,0.22,0.2,0,0,16,0,0,0,1.2
299,Snacks,veg pasta,cup,167,7.4,9.8,10.7,247.4,285.6,121.4,39.6,112,684.68,4.3,0.42,1.54,190.8,37.1,0.24,182,0.17,0.4,10.7,1.5
300,Snacks,ambapoli,no.,85,0.8,3,13.7,3.2,1.6,0.3,0.8,25,116.4,3,0.19,0.46,32.3,3.9,0,38,0.17,0.6,7.1,0.7
301,Snacks,anarsa,no.,120,1.2,5.4,16.7,3.7,1.3,18.7,0,14,6,9.4,0.05,0.02,17.4,7.8,0.09,38,0,0.3,0,0
302,Snacks,appam,no.,150,2.2,9.2,14.5,8.1,12.1,17.9,0.7,22,0.85,4.2,0.26,0.56,60.1,15,0.11,45,0.04,0.6,14.9,0.9
303,Snacks,bhakarwadi,no.,88,2.6,2.4,14,20.9,44.2,46.9,0.5,18,16,0.2,0.17,0.24,27.6,13.2,0.15,73,0.13,0.3,6.3,1.5
304,Snacks,cake plain,no.,292,5.8,16.6,29.9,8.9,97.5,42.2,0.1,1,5.2,0.6,0.13,0.9,39.9,17.5,0.2,13,0.07,0.8,11.8,5.6
305,Snacks,chakali,no.,86,1.1,6.9,4.9,14.3,61.6,32.1,0.6,13,12.32,0.1,0.3,0.13,18.9,9,0.1,55,0.06,0.2,4.7,0.8
306,Snacks,chirote,no.,88,0.6,5.6,8.9,2.4,4.4,12.1,0.3,4,3.68,0.2,0.07,0.06,11.3,5,0.06,16,0,0.2,3.2,0.2
307,Snacks,cream cake,no.,303,6.4,15.9,33.6,7.7,73.5,0,0,42,9.8,0.7,0,0,0,0,0,126,0,0.5,8.8,5.9
308,Snacks,cream roll,no.,299,3.1,17,33.6,6.6,72,0,0.2,24,50.4,0.1,0.18,0.22,0,0,0,29,0.15,0.4,8.9,0.6
309,Snacks,cutlets,no.,306,5.1,17.6,31.9,9.9,231.3,117.8,0.4,4,31.5,0,0.41,2.88,39.5,30.4,0.24,55,0.22,0.9,7.4,0.8
310,Snacks,dhirade,no.,220,8.8,5.9,33.1,51,273.6,267.4,7,53,668.8,13.2,2.07,2.38,137.1,56.5,0.48,53,0.88,0.9,20.2,4.9
311,Snacks,dosa,no.,234,5.4,3.7,45,23.9,99,105.5,10.4,64,68.4,1.1,0.35,0.71,107.4,53.2,0.44,180,0.41,1.8,13.7,3.1
312,Snacks,fenugreek seeds ladu,no.,134,3.6,0.7,28.4,33.6,4,75.7,0,44,14.88,11.2,0.54,1.15,70.3,24.4,0.31,72,0.13,0.6,36.2,1.1
313,Snacks,ghavan,no.,258,5.7,8.7,39.1,23.9,135,105.6,0,45,5.4,21.8,0.95,0.9,107.4,53.2,0.44,135,0.19,1.8,13.7,3.1
314,Snacks,groundnut ladu,no.,177,5.1,9,19,9.6,7,1,0,3,0,0,0.32,1.5,95.5,11.5,0.01,109,0.09,1.9,7.4,1.9
315,Snacks,harabhara kabab,no.,107,4,4.3,13.3,55.5,125,73.9,3.9,45,402.08,21.6,0.26,1.03,57.4,33.5,0.32,65,0.17,0.4,13.8,2.3
316,Snacks,idli,no.,139,3.2,1.9,27,36.4,66,88.1,1.8,43,43.2,0.6,0.23,0.45,80.3,35.8,0.45,132,0.15,1.2,8.2,2
317,Snacks,kachhi dabeli,no.,227,4.7,13,22.8,63.4,238.5,110.8,30,54,1638.51,6.7,0.62,1.56,69,24.7,0.41,81,0.21,2.1,19.8,0.4
318,Snacks,kachori,no.,248,4.2,9,37.4,11.2,206.2,214.1,5.4,30,21,0.4,0.19,0.5,36.2,20.8,0.31,29,0.11,0,16.9,2.7
319,Snacks,khakra,no.,67,1.6,2.7,9,0,68.7,0,0.2,8,10.05,3,0.11,0.11,0,0,0,15,0.06,0,9.8,0.1
320,Snacks,maize tender,no.,50,1.9,0.4,9.8,3.6,20.7,60.4,0,68,12.8,0,0.16,0.44,48.4,16,0,44,0,0.2,26.4,22
321,Snacks,meduwada,no.,109,1.9,5.4,13.2,22.8,90,117.4,2.3,12,38.4,0.2,0.16,0.22,56.8,20.7,0.16,78,0.1,0.3,5.9,1.3
322,Snacks,methi thepla,no.,97,2.8,4.5,11.6,69.7,108.5,61.5,4.8,66,231.61,9.2,0.76,1.23,61.5,26.9,0.26,84,0.17,0.7,29.8,1.7
323,Snacks,mung dosa,no.,196,9.8,4.3,29.7,55.2,360,330.3,4.6,112,165.72,1.8,1.33,1.89,141.9,64.1,1.09,208,0.2,1.2,62.9,4.8
324,Snacks,nachani soya dosa,no.,226,9,9.4,26.6,300,280,139.9,0.1,136,74.02,29.8,2.46,3.45,225.3,74.9,2.02,320,0.54,0.9,64.4,6.7
325,Snacks,paniyaram,no.,104,2,3.3,16.6,14.8,12.8,23,0.8,20,30.69,5.7,0.37,0.5,46.1,21.5,0.17,40,0.07,0.6,19.2,1.2
326,Snacks,papad roasted,no.,19,0.6,0.1,4,9,20.1,41.9,0,1,6.2,0,0.03,0.3,20.6,7.2,0.06,2,0.02,0.1,0,0
327,Snacks,patties,no.,112,2.6,2.7,19.2,4.5,102.8,52.9,1.2,12,38.4,9.9,0.08,0.55,17.7,13.7,0.11,28,0.01,0.4,5.3,2
328,Snacks,phanaspoli,no.,77,0.9,2.5,12.9,3,1.5,0.3,0.5,21,91.2,1.8,0.18,0.43,30,3.6,0,56,0.16,0.6,6.1,0.8
329,Snacks,potatowada,no.,142,2,7.8,16,9.6,117,144.4,2.8,14,53.1,0.3,0.19,0.26,41.4,29.2,0.21,19,0.11,0.7,8.8,1.4
330,Snacks,puri small dry,no.,37,0.8,1.7,4.7,2.6,10.8,17,0,1,5.6,0,0.04,0.11,19.1,7.1,0.12,17,0.01,0.2,6.1,0.5
331,Snacks,rajgira jaggery vadi,no.,58,0.9,2.2,8.6,1.3,1.2,0.1,0,5,1.56,0.1,0.08,1.42,13.3,1.6,0,6,0.06,0.3,0.1,1.2
332,Snacks,sago,no.,463,11,15.1,70.8,12.3,198,1.2,0,265,0,4.4,2.11,5.43,122.8,14.7,0.01,98,0.25,2.5,4.4,15.4
333,Snacks,sagowada,no.,128,2,5,18.9,7.5,105,21,1.9,14,208,0.4,0.13,0.14,24.1,4.2,0.08,58,0.08,1.2,5.9,2.3
334,Snacks,samosa,no.,170,2.5,7.1,24.1,6.1,169,72.4,6.1,18,312,0.3,0.1,0.56,24.3,18.7,0.15,58,0.01,0.5,8.7,2.4
335,Snacks,soya chana tikki,no.,98,5.9,1.8,14.6,79.6,178.5,108.6,1.4,65,320,25.6,1.45,1.74,138.8,45.7,0.46,105,0.28,0.7,16.8,3.1
336,Snacks,spinach khakra,no.,63,2.1,2.7,7.7,34.3,72.8,51.3,2.1,44,372.9,12.4,0.33,1.07,51,23.5,0.31,66,0.08,0.6,3.3,0.9
337,Snacks,uttapa,no.,317,7.7,4.5,61.1,38.4,208,163,14.6,90,98.8,1.8,0.65,1.22,164.8,87.5,0.71,273,0.62,2.7,19.4,4.6
338,Snacks,veg burger,no.,293,5.7,11,42.8,10.9,551.1,0,3.4,89,308,22.6,0.77,0.83,0,0,0,92,0.48,0.7,12.7,3
339,Snacks,vegmomo,no.,207,8.5,0.7,41.7,48.4,27.8,228.2,25.1,0,150,0.5,0.51,2.82,106.7,67.9,0.45,0,0.28,1.6,21.3,2.3
340,Snacks,dhokla,piece,27,1.1,1.3,2.9,5.9,3.5,14.2,1.5,6,120,4.2,0.12,0.16,13,5.8,0.07,16,0.04,0.2,2.1,0.7
341,Snacks,hondva,piece,95,3.9,3.9,11.2,13.8,40,108.2,3.7,23,243.2,14.3,0.3,0.42,51.4,21.4,0.17,30,0.19,0.4,7,2.2
342,Snacks,bhel,plate,257,4.9,4.7,48.8,64.9,300,145.4,8.2,28,33.6,0,0.22,0.56,85.6,41,0.47,38,0.24,0.9,6.7,2.2
343,Snacks,dahiwada,plate,145,4.4,5.9,18.8,115.4,537.5,225.6,4,30,450,20.2,0.62,0.83,126.9,28,0.22,65,0.28,0.4,8.6,0.8
344,Snacks,misal,plate,314,5.1,7.6,56.6,76.9,616.8,172.3,22.1,22,57.6,0,0.29,0.72,101.4,48.6,0.56,26,0.24,1,14.7,2.3
345,Snacks,onion pakoda,plate,104,2.7,4.5,13.2,13,112.5,101.2,2.9,4,32,2.7,0.17,0.22,45.8,16.3,0.14,29,0.14,0.4,3,1
346,Snacks,pani puri,plate,122,1.9,8.6,9.4,21.7,445.2,50,0.4,17,29.61,6,0.18,0.71,30.7,14.4,0.17,35,0.09,0.3,6.2,0.8
347,Snacks,pav bhaji,plate,297,5.9,6.8,52.9,12,747.6,0,14.6,34,784,46.8,0.5,0.64,0,0,0,106,0.08,0.8,15.1,4.8
348,Snacks,potato chips,plate,83,1,3.9,12.1,3,87,75.3,0.4,8,52,4.7,0.09,0.1,12.2,9.2,0.04,19,0.01,0.4,2.4,0.2
349,Snacks,ragda pattis,plate,1090,16.6,77.9,81,197.8,490,443.4,3.9,160,268,56.1,1.64,6.48,260.9,124.9,1.44,300,0.8,2.7,49.5,6.8
350,Snacks,shev potato puri,plate,409,7.2,24.7,39.7,90.5,292.8,301,10.1,60,146.4,21,0.79,3.48,154.7,62.9,0.74,200,0.37,1.5,18.5,5.3
351,Snacks,Wadapav,plate,162,3.3,2.2,32.5,15.2,176,228.4,5.3,50,107.2,0,0.34,1.62,65.4,46.2,0.33,26,0.12,1,8.7,5.9
352,Snacks,banana chips,small bowl,260,1.1,16.8,29.1,9,53,268,3.2,8,17,7,0.38,0.62,28,38,0.78,42,0.1,0.4,0.3,3.9
353,Snacks,bhadang,small bowl,174,5.6,5.4,25.7,31,86.4,31.9,0.7,4,24.8,0,0.36,3.88,75.6,16.9,0.32,45,0.04,2,6.4,7.1
354,Snacks,churmure chivda,small bowl,114,3.1,3.1,18.4,22.3,66,11,1.3,15,9.6,1.3,0.18,1.35,57.2,8.4,0.11,96,0.04,1.9,3.7,1
355,Snacks,dahipohe,small bowl,192,5,3.1,35.2,107.2,494,148.1,18.3,117,718.9,3.5,0.17,8.85,157.8,63.9,0.12,130,0.25,1.8,63.9,0.1
356,Snacks,fried pohe chivda,small bowl,331,5.8,21.5,28.6,75.5,114,49.9,1.4,42,49.64,6.3,1.07,6.88,137.5,35.8,0.6,204,0.35,3.7,42.4,0
357,Snacks,groundnut curry,small bowl,276,9.1,21.8,10.9,24,180,1.2,0,5,0,0,1.84,4.66,240,18,0.06,89,0.2,2.4,18.4,6.1
358,Snacks,maka chivda,small bowl,307,7.4,18.4,28,44.8,123.8,46.1,0,4,36.3,0,0.67,3.09,109.2,24.4,0.46,0,0.14,2.9,0,10.4
359,Snacks,pharsan,small bowl,360,20.2,17.2,31.3,74.6,189,167.3,0,36,32.9,0,0.58,4.51,98.4,47.1,0.54,127,0.24,1,0,10.9
360,Snacks,pohe chivda,small bowl,237,4.6,10.1,32,38.7,109,39.8,0.3,40,19.5,0,0.4,1.75,94.4,21.1,0.4,62,0.03,2.5,0,16.5
361,Snacks,potato chivda,small bowl,128,1.7,3.4,22.5,23.3,77,24,0.8,4,11.2,2.2,0.11,0.09,56.8,12.7,0.24,5,0.02,1.5,0,2.4
362,Snacks,potato groundnut subji,small bowl,339,6.6,11.7,52,9,135,0.9,0.9,10,21.6,8.7,0.61,0.23,90,10.8,0.01,15,0.09,1.8,3.4,6.2
363,Snacks,rice ukad,small bowl,109,2,3.8,16.6,30.6,126,15.1,1.8,24,10.8,2.1,0.36,0.64,53,29.5,0.18,24,0.06,0.4,11.4,0.9
364,Snacks,shankarpali,small bowl,190,3.4,10.5,23.8,5.5,2,27.3,0.1,5,7.35,0,0.29,1.99,25.5,11.3,0.13,9,0.12,0.5,9.4,12.9
365,Snacks,shev h,small bowl,253,5,12.9,29.4,42.5,140.5,285.1,0.3,20,36,0.8,0.4,4.09,136.1,53.9,0.43,161,0.2,1,0,7
366,Snacks,sutarpheni,small bowl,218,2.9,10.1,29.2,6.8,2.4,33.8,0.5,40,48,4.7,0.14,0.25,31.5,14,0.16,50,0.04,0.6,0,0.7
367,Snacks,kurkure,small packet,107,1.2,6.8,10.2,0,0.4,0,0,0,0,0,0,0,0,0,0,0,0,0,0,0.4
368,Sweets,sevai shira sweet,bowl,368,6,7,68.4,73,10.4,99.6,0.3,64,95.41,1.9,0.13,1.17,78.7,33.5,0.1,112,0.16,0.9,9.5,0
369,Sweets,sweet dalia,bowl,101,3,4.2,9.4,130,15.5,61.6,0.6,62,98.7,4.3,0.08,0.28,88.1,4.7,0.08,31,0.02,0.2,5.8,0.3
370,Sweets,flavoured icecream,cone,80,2.2,3.3,7.6,107.2,73.5,45.7,0.5,52,80.85,2.8,0.01,0.1,66,0,0,21,0,0.1,0,0
371,Sweets,chocolate icecream,cup,281,4.9,14.3,36.7,141.7,0,323.7,0.9,252,24.7,1.9,0.75,1.21,139.1,37.7,0.18,55,0.18,0.3,0,0
372,Sweets,strawberry icecream,cup,250,4.2,10.9,35.9,156,0,244.4,10,332,32.5,1.9,0.44,0.27,130,18.2,0.1,58,0.05,0.2,0,1.2
373,Sweets,vanilla light icecream,cup,157,4.5,4.6,24.5,152.9,0,197.6,1.1,242,13.3,0.5,0.69,0.18,97.8,13.3,0,50,0.02,0.1,0,0.3
374,Sweets,sweet chennai,katori,288,4.2,11.9,40.5,121.2,9.4,71.6,0.4,40,111,7,0.58,0.81,92.6,15.1,0.28,68,0.12,0.4,20.5,2.7
375,Sweets,sweet delhi,katori,165,2,7.7,20.5,64.4,11.8,97.8,0.5,33,50,2.5,0.21,0.78,55.2,13.5,0.12,41,0.02,0.2,10.9,0.3
376,Sweets,besan ladu,no.,179,1.7,8.3,24.5,9.1,9,88.1,0.4,23,14.4,2.9,0.39,0.16,40.7,15.9,0.13,5,0,0.3,13.9,1.6
377,Sweets,chocolate b,no.,38,0.4,1.6,5.6,1,2,0.1,0.1,2,24,2.1,0.02,0.03,10,1.2,0,2,0,0.2,0,0.2
378,Sweets,dink ladu,no.,224,2.5,11.7,32.3,27.2,3.8,65,0,0,10.84,0,0.46,1.32,0,22.2,0,0,0.18,0,0,0
379,Sweets,dry fruit laddoo,no.,250,3.3,12.4,31.4,51.2,5,49.5,0.3,55,57,0,0.69,1.62,80,53.8,0.34,75,0.19,0.6,0,1.6
380,Sweets,gujja,no.,168,3.5,8.9,18.5,115.2,0.9,11.2,0,4,33.22,0,0.05,1.25,83,4.7,0.05,9,0.02,0.2,3.3,0
381,Sweets,gulabjam,no.,78,1.3,3.9,9.4,51.3,0.1,1,0.1,8,19.2,0,0.16,0.02,33.5,0.5,0.01,17,0.01,0,0,0.4
382,Sweets,haliv ladu,no.,119,2.7,4.3,17.3,47.8,0,0,0.1,65,2.58,0.6,0,9.65,86.1,41,0,60,0,1.4,42.1,0
383,Sweets,jilebi,no.,80,1.1,3.8,10.5,4.7,1.3,13.8,0,5,14.96,0.2,0.07,0.36,12.5,4.9,0.06,15,0.03,0,5.3,0.8
384,Sweets,kajukatali,no.,80,2,4.4,8.2,17.9,1.2,39.9,0,16,4.78,0,0.48,0.6,44.6,28.2,0.13,50,0.13,0.1,0,0
385,Sweets,kanik ladu,no.,165,2,4.9,28.3,5,4,15.7,0,4,118,0,0,0.33,19.7,0.3,0.02,24,0,0.3,17.5,2.1
386,Sweets,karanji dry coconut,no.,184,1.6,11.8,17.7,15.7,2.7,16.2,0.4,5,9.6,2.6,0.14,0.07,44,2.9,0.03,52,0,0,6.6,0.3
387,Sweets,karanji fresh coconut,no.,167,1.4,12.1,13.2,11.9,2,12.3,0.4,5,9.6,2.6,0.14,0.07,33.8,2.2,0.02,52,0,0.2,6.6,0.3
388,Sweets,mcdonald strawberry sundae,no.,281,5.7,7,50,195.8,83.7,307.9,2.7,347,1730.16,0,0.69,0.18,162,19.6,0.13,69,0.03,0.2,0,0
389,Sweets,modak coconut rice cover,no.,87,2.3,1.7,15.6,5.8,0,0,0,6,64,12.7,0.18,0.23,33.9,11,0.08,18,0.06,0.3,0,0.6
390,Sweets,motichur ladu,no.,138,0.8,6.9,18,8,8,88,0.3,8,6.4,0.9,0.22,0.84,20,14,0.12,33,0.02,0.2,8.1,0.3
391,Sweets,mung dal ladu,no.,150,4.2,5,22.1,19,4.8,179.5,0.1,36,40.4,21.4,0.59,0.9,77.1,25.4,0.32,92,0.1,0.5,34,1.5
392,Sweets,nachani besan groundnut ladu,no.,209,4,8.6,29.1,52.4,7.2,96.7,0.1,40,66.15,14.2,0.57,1.01,80.6,22.9,0.62,99,0.21,1.5,29.3,3.6
393,Sweets,pedha,no.,59,0.3,2.8,8.8,57.9,0,0,0,3,3.6,0.2,0.05,0.05,37,0,0,9,0,0,3.9,0.2
394,Sweets,rava ladu,no.,198,1.7,7.9,29.8,5.6,4.5,17.6,0.3,12,36,0.3,0.12,0.16,22.2,0.4,0.02,31,0.09,0.3,8.4,1.4
395,Sweets,sesame jaggery groundnut ladu,no.,106,2.7,5.5,11.6,136.5,0,0,0,35,6.75,12.5,1.27,0.94,68.2,0,0.16,128,0.24,1.2,0,0
396,Sweets,sonpapadi,no.,510,7.1,32.2,46.7,186.3,26.7,194.6,0.9,0,275.2,23.7,0.49,2.03,165.5,49.5,0.19,0,0.21,0.5,18.3,3.2
397,Sweets,sweet kolkata,no.,384,7.2,18.4,46,248.4,27.5,89.2,0.6,54,127,2.1,0.65,0.45,167.8,23.2,0.06,77,0.09,0.1,3.5,2.4
398,Sweets,wheat soya ladu,no.,194,4.1,5.1,33,31.2,10,75.8,0.1,40,62,15.3,0.68,2.39,87.7,31.9,0.29,100,0.2,0.9,34.2,2.6
399,Sweets,chamcham,piece,226,4.5,16.9,14.1,150.6,1.6,7.7,0,28,389.5,0,0.03,0.12,91.5,2.2,0.02,4,0.01,0.1,1.4,0
400,Sweets,groundnut chikki,piece,76,1.9,3.7,8.8,12.4,0,0,0,9,9.24,1.5,0.28,0.2,28.4,0,0.08,66,0.07,1.4,6.6,0
401,Sweets,kaju burfi,piece,99,1.1,8,5.7,8.5,1.4,25.6,0,12,58.79,0.2,0.28,0.28,23.4,16.8,0.06,30,0.08,0.1,0,0
402,Sweets,kalakand,piece,142,3.5,6.5,17.2,190.6,6.7,31.9,0.9,86,55.2,1.9,0.16,0.37,120.6,0,0,61,0.06,0,0,10.6
403,Sweets,kharwas,piece,51,0.7,1,8.7,34.5,3,14.4,0.2,16,25.58,0.9,0,0.04,20.9,0,0,6,0,0,0,0
404,Sweets,khava burfi,piece,82,1.2,2.5,13.7,54,0,0,0.2,3,4,0.7,0.15,0.05,34.1,0,0,4,0,0,4.8,0.3
405,Sweets,malai burfi,piece,122,3.3,6.3,11.5,154.4,5.4,25.8,0.3,28,46,1.6,0,0.9,97.6,0,0,12,0,0,0,0
406,Sweets,mango burfi,piece,98,1.4,2.9,16.5,61,0.5,3.7,0.4,8,25,0.1,0.06,0.31,38.5,4.9,0,16,0.04,0,2.9,0.6
407,Sweets,mysorepak,piece,94,1.9,5.1,10.1,5.7,6.8,66.6,0.2,2,3.2,0.9,0.05,0.19,30.6,12,0.1,14,0.01,0.2,4.1,0.5
408,Sweets,palgova,piece,92,2.3,3.5,9.9,91.9,10.2,48.8,0.5,55,86.74,3,0.16,0.12,48.9,16.8,0,22,0.03,0.1,0,0
409,Sweets,sandesh,piece,187,5.4,9.2,20.8,193.8,0,0,0,0,0,0,0,0.03,110.8,0,0,0,0,0,0,0
410,Sweets,badam kheer,small bowl,58,1.2,2.7,6.5,41.3,3.2,15.4,0.2,30,30,1,0.07,0.15,32.4,7.7,0.04,10,0.02,0.1,0,0
411,Sweets,bajra kheer,small bowl,57,1,1.5,8.9,37,3.4,21.3,0.2,20,33,1.9,0.06,0.21,27.9,2.8,0.02,10,0.02,0.1,2.8,0
412,Sweets,basundi,small bowl,308,3.3,20,28.7,357.6,32.1,152,0.8,28,51.75,5.8,0.45,0.79,220.3,0.6,0.04,33,0.1,0.2,0,3.2
413,Sweets,boondi ladu,small bowl,151,3.4,7.4,17.8,10.1,11.9,117.1,0.2,32,79.51,24,0.27,0.87,53.9,21.1,0.17,76,0.22,0.4,21.6,3.7
414,Sweets,custard,small bowl,45,0.7,1.6,7.1,51.1,4.3,20.5,1.3,87,252,4.8,0.03,0.05,39.6,0,0,11,0.01,0.1,0,0
415,Sweets,dudhi halwa,small bowl,120,2.8,5.4,11.9,134.7,12,91.1,0.6,60,107.04,3.3,0.13,0.4,83.1,14,0.16,36,0.02,0.2,0,0.3
416,Sweets,dudhpak,small bowl,61,1.3,1.5,9.3,49.5,4.8,20.8,0.2,24,36.91,1.7,0.06,0.08,37.4,4.2,0.02,12,0.01,0.1,3.8,0.2
417,Sweets,fruitsalad,small bowl,174,1.8,0.5,40.8,25.5,54.9,132,10.5,120,117,0,0.23,0.54,54,61.5,0.3,75,0.24,0.8,6,3.8
418,Sweets,gajarhalwa,small bowl,98,2,2.5,15,81,7.2,34,0.4,44,60.5,2.5,0.07,0.12,56.8,4.3,0.03,22,0.01,0.1,0,0
419,Sweets,haliv kheer,small bowl,58,1.6,2.1,7.4,44.1,2.6,12.4,0.2,33,25.3,0.8,0,3.89,45.8,16.6,0,33,0,0.6,17.1,0
420,Sweets,jawar kheer,small bowl,57,0.9,1.5,9,27.5,3.1,16.9,0.2,20,29.94,1.3,0.08,0.13,19,8.6,0.02,10,0.02,0.1,3.8,0.3
421,Sweets,khaskhas kheer,small bowl,64,2.2,2.6,6.7,129.6,4.8,22.3,0.3,24,39.68,1.4,0.23,0.85,54,13.3,0.25,12,0.04,0,0,0
422,Sweets,kheer sevai,small bowl,60,1.1,2.7,8,63.1,5.9,31.6,0.3,6,123.2,2.7,0.09,0.11,41.8,1.6,0,12,0.06,0.1,0,0
423,Sweets,panjiri dry fruit gond,small bowl,240,3.4,7,40.9,15.7,5.5,36.5,0.1,24,46.8,0,0.14,0.91,43.5,12.4,0.05,54,0.04,0.5,0,0
424,Sweets,ragi kheer,small bowl,60,1.4,1.5,9.2,67.5,4.8,45.5,0.2,36,36.95,2.4,0.14,0.3,46,8.8,0.35,36,0.04,0,13.3,1.2
425,Sweets,rasgulla,small bowl,155,3.9,5,23.7,149.1,88.9,172.9,0,36,66.5,0,0.39,0.27,110.6,0.1,0,99,0.01,0,0,7.7
426,Sweets,rasmalai,small bowl,272,6.6,10.5,34.8,267.2,20.3,96.1,0,34,61.6,1.1,0.36,0.98,159.2,0,0,66,0.02,0.1,0,10.2
427,Sweets,rava kheer,small bowl,70,1.6,3,7.7,55.1,6,27.3,0.3,24,52.49,1.4,0,0.14,38.7,0.2,0.01,12,0,0.1,0,0
428,Sweets,rice kheer,small bowl,119,3.4,5.3,10.5,158.2,14.4,67.3,0.7,72,123.02,4.4,0.04,0.19,101.3,2.5,0.04,36,0,0.1,1.9,0.1
429,Sweets,rice mung kheer,small bowl,115,3,5.2,11.3,120.1,10.8,62.7,0.6,60,103.74,3.2,0.1,0.24,80.9,4.9,0.13,36,0.01,0.1,3.6,0.3
430,Sweets,sago kheer,small bowl,109,2.4,5,10.6,119.9,11,51,0.6,55,101.97,3.2,0,0.17,74,0,0,22,0,0.1,0,0
431,Sweets,shikran,small bowl,163,2.7,3,29.3,102.7,33.6,98.9,5.2,96,122.05,2.4,0.11,0.35,80.5,28.1,0.13,48,0.11,0.4,2.7,2.6
432,Sweets,shrikhand,small bowl,213,3.9,9,29,157.2,32.8,133.3,5.1,33,311,8.5,0.39,0.43,96.6,1.1,0.06,19,0.23,0.1,0,2.3
433,Sweets,besan halwa,tablespoon,174,5.9,6.4,22.6,48.4,21,199.6,0.4,63,88.86,37.1,0.44,1.46,104.3,35,0.27,126,0.34,0.6,32.7,5.7
434,Sweets,dry fruit shira,tablespoon,113,1.9,2.4,21.1,7.4,3,15.5,0,15,10.5,0,0.1,0.41,24.9,8.2,0.04,25,0.03,0.3,0,0
435,Sweets,jam mixfruit,tablespoon,17,0,0,4.2,0.6,0.1,0.5,0.1,1,1.4,0,0,0.01,0.1,0.1,0,0,0,0,0,0
436,Sweets,kunda,teaspoon,213,6.2,13.3,17.2,277.6,0,0,0.4,4,6.4,1.1,0.24,0.09,178.8,0,0,6,0,0,0,0
437,Sweets,Balushahi,no.,448,5.7,19.2,64,48.4,61.1,93.4,0.1,3,254.03,1.4,0.41,1.25,75.8,26,0.27,12,0.09,3.1,15.7,0
438,Sweets,khobrepak,piece,389,3.4,21.1,44.4,88,14.7,171.9,0.8,80,87,6.8,0.51,0.81,140.4,24.9,0.63,40,0.15,0.3,0,3.4
439,Vegetablea,aloo palak,small bowl,120,1.9,6.9,12.6,53.1,405.6,215.8,21.6,120,2036.72,50.2,0.49,0.95,41.5,49.4,0.38,84,0.17,0.8,9.8,1.3
440,Vegetables,veg curry,bowl,141,2.3,1.7,29,127.1,686.7,296.3,28.6,19,386.4,6.4,0.34,0.61,130.9,65.2,0.29,23,0.02,1.2,3.4,1
441,Vegetables,mixveg all center,katori,115,2.1,3.2,19.3,37.3,13.9,143.9,10.3,21,291,11.4,0.13,0.23,56.2,33.7,0.13,36,0.03,0.7,2.5,0.6
442,Vegetables,veg chennai,katori,133,2.7,3.8,22.1,67,50,183,8.6,34,278,6.9,0.29,0.69,104.8,38.4,0.23,36,0.11,1.5,2.7,1
443,Vegetables,veg kolkata,katori,113,1.9,3.4,18.8,44.1,9.8,139.4,7.1,17,191,11.6,0.32,0.42,61.2,31.1,0.18,38,0.09,1,2.6,0.7
444,Vegetables,veg pune,katori,140,2.7,4.4,22.3,63.9,33.5,174.2,10.5,11,132,8.7,0.33,0.44,78.6,48,0.19,20,0.08,1.2,3.1,0.9
445,Vegetables,veg raipur,katori,117,2.2,2.8,20.9,57.2,24.4,149.1,7.8,14,125,7.8,0.24,0.48,69,38.1,0.23,29,0.07,1.2,2.8,0.7
446,Vegetables,gatte ki subzi,katori,101,3.7,5.3,9.6,38.6,16.8,134.4,0.5,0,62,22.3,0.27,0.99,68.7,19.9,0.18,0,0.2,0.4,21.1,3.4
447,Vegetables,glv curry,katori,52,1.4,1.1,9.1,41.5,17.4,108.9,8.8,18,196,2.9,0.18,0.13,30.6,15.9,0.13,16,0.06,0.3,2,0.3
448,Vegetables,glv dry pune delhi,katori,94,1.6,1.6,18.3,226.8,68.9,123.7,6.9,16,1321,14,0.28,0.66,58.1,41.6,0.33,28,0.1,0.9,2.4,0.8
449,Vegetables,aloo jeera,small bowl,164,1.7,10.4,16,42,396,194.3,11.3,18,32.88,4.6,0.43,0.7,43,35.3,0.12,81,0.13,0.9,14.2,0.6
450,Vegetables,aloo matar,small bowl,132,2,9.9,8.8,30.2,390,106.3,10.5,24,81.1,7,0.22,0.54,47.6,12.7,0.1,96,0.12,0.5,11.4,2.8
451,Vegetables,amaranth red subzi,small bowl,64,0.7,1.1,13,56.6,279,159,5.2,4,1704,27.6,0.03,0.31,32.4,41.8,0.38,32,0.01,0.5,1.4,0.4
452,Vegetables,ambadi curry,small bowl,297,1,4,55.9,270.7,392.7,760.5,9.2,2,2156,5.5,0.2,0.33,155.1,200.1,1.8,3,0,2.5,14.7,8.4
453,Vegetables,ambat chuka tur curry,small bowl,85,2.4,2.6,12.8,22.7,182.6,78.7,12.7,0,96.8,3.5,0.24,0.22,50.7,28.8,0.2,7,0.03,1.6,2.9,0.7
454,Vegetables,ash gourd,small bowl,89,1.5,2,16.2,68.4,198,19.8,1.1,20,139.5,6.3,0.13,0.23,40.5,17.1,0.08,43,0.01,0.6,0,0.2
455,Vegetables,baigan,small bowl,98,2.1,1.3,19.4,28.4,210.8,233.3,5.7,14,20.4,9.4,0.23,0.36,82,16.5,0.2,43,0.14,2.5,3,0.4
456,Vegetables,baked veg,small bowl,136,4.5,6.3,14,102.2,201.3,124.4,27.1,66,493.23,14.9,0.38,1.03,147.7,34.2,0.15,132,0.13,0.7,12.8,2.9
457,Vegetables,beans,small bowl,199,4.4,11.9,18.7,84.9,233.2,248.9,8.7,55,383.9,43.3,1.45,1.5,88,39.8,0.44,110,0.37,0.9,2.5,0.7
458,Vegetables,beet subzi,small bowl,110,2,5.5,13.4,20.2,202.4,37.9,2.5,6,0,0.8,0.2,1.42,66.6,13.9,0.25,18,0.1,1.3,0,1.4
459,Vegetables,bhendi masala,small bowl,157,4,2.5,29.5,129.4,272,212.7,7.8,7,57.6,9.6,0.42,0.31,113.3,89,0.29,14,0.05,1.3,4.8,0.7
460,Vegetables,bitter gourd,small bowl,105,1.9,4.4,14.4,13.6,163.8,88.5,25.5,30,78.4,12.6,0.04,0.21,24.5,15.1,0.04,43,0.01,0.4,1.8,0.8
461,Vegetables,bottle guard,small bowl,120,3,2.8,20.6,55.2,290.4,218.1,7.9,26,123.2,13.2,0.13,0.24,35,61.1,0.14,63,0.01,0.7,1.6,0.3
462,Vegetables,cabbage chanadal,small bowl,90,2.6,4,11.1,39.4,325.5,43.3,96.4,84,222.47,25.4,0.34,0.97,54.6,33.2,0.21,74,0.1,0.5,9.4,2.6
463,Vegetables,cabbage potato,small bowl,70,1.6,3.3,8.4,32.8,272.7,42.7,92.3,72,180.94,17.6,0.31,0.71,42.5,28.8,0.16,63,0.05,0.5,4.3,1.4
464,Vegetables,cabbage subzi,small bowl,78,0.9,1.1,16.1,45.8,208,10.1,6.9,8,64,3.1,0.08,0.29,44,32.3,0.22,15,0.02,0.4,1.2,0.3
465,Vegetables,capsicum,small bowl,90,1.8,2.1,15.9,11.4,270.4,84.7,16.4,24,256,10.4,0.1,0.2,53.2,21,0.15,42,0.02,0.3,1.1,0.5
466,Vegetables,carrot subzi,small bowl,98,1,3.6,12.6,84.9,256,113.4,5.5,74,680,0.8,0.22,0.14,558.9,25.8,0.21,40,0.02,0.7,0,1.4
467,Vegetables,cauliflower,small bowl,76,1.1,1.7,13.9,23.7,252,81.4,7.7,24,86.4,11.7,0.05,0.07,44.6,9.1,0.06,36,0.01,0.6,1.2,0.3
468,Vegetables,cauliflower potato,small bowl,115,3.6,4.8,14.3,52.8,238,235.8,70,119,215.08,4.3,0.64,1.62,82.1,32.5,0.24,94,0.21,1.5,14.5,2.5
469,Vegetables,chavlai leaves subzi,small bowl,21,0.3,0.1,4.7,19.5,201.5,54.9,17.4,4,3172,1.9,0.06,0.57,11.2,14.4,0.13,7,0.01,0.2,0.5,0.1
470,Vegetables,knolkol,small bowl,73,0.9,1.2,14.7,21.5,236.6,44.3,2.1,27,117.6,4.9,0.25,0.38,38.8,28.3,0.1,20,0.09,0.7,2.2,0.4
471,Vegetables,kovai tondli,small bowl,225,3,6.3,39.1,67.2,364.8,159.8,8.7,51,57.6,14.4,0.42,0.39,96.4,62.6,0.41,20,0.06,3.3,4.4,2.1
472,Vegetables,kuttu,small bowl,106,3.6,4.7,12.3,71.8,392.4,176.9,4.7,60,407.62,21,0.46,1.61,131.3,30.3,0.18,96,0.13,0.8,23.4,1.1
473,Vegetables,ladies finger dry,small bowl,125,1.6,4.8,18.9,83.6,212,164.7,7.6,25,256,10.4,0.15,0.28,75.7,62.6,0.18,26,0.02,1,3.9,1.1
474,Vegetables,methi masur,small bowl,125,4.2,7.5,10.4,207,407.2,77,25.1,170,1127.95,2.4,0.39,1.61,55.4,27.2,0.2,68,0.18,0.7,9.7,2
475,Vegetables,methi mungdal,small bowl,116,4.1,6.6,10,194.7,375.2,112.8,23.6,160,1047.2,9.9,0.39,1.3,61.6,28.8,0.18,72,0.08,0.7,17.4,1.7
476,Vegetables,methi peas,small bowl,121,4,6.4,12,89.2,407,176.4,13.1,88,481.8,18,0.25,0.81,56.7,18.4,0.18,88,0.21,0.6,2.8,1.6
477,Vegetables,methi sprout subzi,small bowl,135,4.9,7.1,13,74.1,186,172.5,8.1,70,102.62,18.1,0.83,1.71,86.9,31.3,0.49,110,0.24,0.7,32.2,0.5
478,Vegetables,methi subzi,small bowl,79,0.8,1.4,15.7,285.1,262.2,42.4,2.3,4,98.4,12,0.2,0.38,48.2,27,0.17,19,0.05,0.8,1.2,0.4
479,Vegetables,methi tur curry,small bowl,79,2.6,2.1,12.3,66,428.4,130.5,13.1,22,105.6,2.2,0.26,0.14,42,13.6,0.13,6,0.05,0.5,3.6,0.5
480,Vegetables,mix veg,small bowl,121,2.4,3.4,20.2,51.6,456,140.4,12.5,51,533.4,10.8,0.2,0.48,100.6,21.3,0.15,65,0.09,0.9,2.5,1
481,Vegetables,onion besan,small bowl,278,5.8,5.9,50.6,98.4,210,287.5,2.9,49,60,5.2,0.67,0.69,163.6,142.8,1.06,11,0.05,2.7,12.6,1.4
482,Vegetables,onion stalk besan subzi,small bowl,104,1.2,1.9,20.6,90.7,406.4,254.8,2.7,15,124,17.6,0.15,0.23,51.9,67,0.6,37,0.07,0.8,2,0.7
483,Vegetables,parwar subzi,small bowl,178,3.6,14.7,7.8,79.2,360,139.1,55.2,112,870.48,3.7,0.08,2.83,75.4,25.2,0.08,88,1.7,0.9,12.7,0.1
484,Vegetables,pavata,small bowl,85,1.4,1.4,16.6,141,243,74.3,2.2,12,72,8.1,0.06,0.12,58.2,19,0.1,22,0.01,0.6,1,1.2
485,Vegetables,peas paneer,small bowl,152,4.6,6,20.2,59.4,340.8,119.9,9.7,36,192,15.6,0.17,0.34,82.5,32.6,0.08,97,0.12,0.7,6.3,2.2
486,Vegetables,potato aloo,small bowl,120,3.3,3.2,19.4,7.6,270.9,179.4,8.6,8,72,6.3,0.17,0.27,31.4,23.8,0.1,14,0.08,0.9,2.2,0.8
487,Vegetables,potato curry,small bowl,156,2.4,9.2,16.1,30.5,328.8,135.6,22.4,4,146.4,10.1,0.46,0.68,82.6,16.3,0.16,10,0.14,1.5,0,0.9
488,Vegetables,potato onion,small bowl,76,0.7,1.5,14.7,17.6,189.9,78.1,4.7,4,57.6,2.7,0.34,0.51,47.6,9.4,0.09,24,0.11,0.9,2.1,0.6
489,Vegetables,pumpkin,small bowl,71,1.3,1.8,12.4,18.6,175.1,127.6,5.3,17,153,3.4,0.05,0.15,35.5,33.2,0.05,33,0.01,0.6,0,0.2
490,Vegetables,pumpkin theeyal,small bowl,142,1.9,12,6.6,32.9,279.6,78.5,2.6,36,73.22,7.5,0.24,1.26,64.8,17.6,0.14,48,0.07,0.4,8,0.2
491,Vegetables,raddish leaves subzi,small bowl,138,2.7,1.4,28.6,156.8,161.7,134.7,23.4,13,72.8,4.2,0.55,0.43,98.1,32.7,0.17,14,0.03,1.2,3.7,0.4
492,Vegetables,raddish subzi,small bowl,104,1.8,2.4,18.8,94.3,201.6,126,3.6,21,64,16,0.06,0.14,621,28.7,0.23,24,0.01,0.7,3.1,0.7
493,Vegetables,ridge gourd,small bowl,85,1.7,2.5,14.1,15.9,209,29.6,2.4,10,190,3.8,0.09,0.18,40,14,0.15,39,0.01,1.5,0,0.8
494,Vegetables,safflower leaves subzi,small bowl,44,1.1,1,7.7,37.9,267,106.4,3.7,5,2352,5.4,0.2,0.31,21.7,28,0.25,24,0.01,0.4,0.9,0.9
495,Vegetables,shepu masur subzi,small bowl,119,4,7.2,9.4,133.2,323,78.7,1.4,102,3705.15,2.3,0.25,9.72,62.6,17.2,0.09,85,0.14,0.6,12.1,2.1
496,Vegetables,shepu mungdal,small bowl,110,3.6,6.7,9,123.8,328,101.3,1,88,3444,8.3,0.23,8.85,62.9,18.6,0.09,72,0.04,0.5,17.4,1.8
497,Vegetables,shepu subzi,small bowl,84,1.5,0.3,18.7,81.2,162.2,228,5.6,9,1232,9.4,0.91,1.3,46.5,60,0.54,24,0.02,0.8,2.1,2.6
498,Vegetables,snake gourd,small bowl,58,1.3,1.3,10.3,17.3,189,47.4,4.1,9,288,1.8,0.07,0.09,31.9,4.5,0,26,0.04,0.4,0.8,0.2
499,Vegetables,spinach buttermilk curry,small bowl,138,4.4,9.1,9.8,50.2,284.4,125.6,9.5,108,1906.8,54,0.53,1.03,68.4,32.7,0.35,120,0.2,1.8,3,1.9
500,Vegetables,spinach panner,small bowl,136,1.6,4.6,22.2,47.1,352,255.3,8.4,60,352,23.1,0.62,0.89,70.6,36.4,0.32,99,0.29,0.9,4.2,0.5
501,Vegetables,spinach subzi,small bowl,70,0.9,1.1,14.2,62.1,198,174.4,4.2,3,2328,16.8,0.26,0.84,35.6,45.9,0.41,29,0.06,0.6,1.8,0.4
502,Vegetables,spinach tur curry,small bowl,145,4.1,9.2,11.6,44.4,291.6,240.8,11.7,108,1652.4,50.4,0.43,0.86,66.6,34.3,0.3,108,0.23,0.8,3.7,1.7
503,Vegetables,spinach tur tomato curry,small bowl,46,0.6,0.5,9.6,33.5,348,130.9,8,22,364.8,4.8,0.17,0.17,31.4,24.6,0.19,31,0.08,0.4,1.2,0.2
504,Vegetables,tomato red subzi,small bowl,118,2.9,4.3,16.7,72.4,203.5,181.6,9,15,359.7,4.4,0.2,1.82,48.2,16.6,0.51,43,0.14,1.6,0.9,0.3
505,Vegetables,undhio,small bowl,139,2.4,7.7,15,57.4,434.4,168.2,3.5,25,192,20.4,0.25,0.5,59.5,26.9,0.3,56,0.16,0.6,5.7,1.4
506,Vegetables,veg arvi,small bowl,132,2.9,5.1,18.7,36.7,243,453.7,1.1,36,25.85,43.8,0.33,0.89,127.1,30.4,0.39,90,0.17,0.5,1.8,0.8
507,Vegetables,veg kofta,small bowl,133,2.1,6.9,15.8,26.2,339.9,116.6,6.5,6,88,0.3,0.11,0.26,71,14,0.13,13,0.17,1.3,4.8,1.9
508,Vegetables,walpapadi,small bowl,97,2.3,0.5,20.8,54,222.2,158.3,2.8,28,88,3.3,0.18,0.13,56,25.3,0.28,2,0.02,0.6,2.9,0.2
509,Vegetables,yam suran,small bowl,83,1.3,2.2,14.6,34.7,189.6,129.5,0.5,8,108.8,3.4,0.1,0.12,25.9,10.8,0.08,20,0.03,0.5,2.3,0.4
510,Vegetables,clusterbean,small bowl,94,1.9,2.4,16.1,66.4,220.8,6.9,26.3,10,76.8,5.6,0.06,0.1,39.4,22,0.05,23,0.02,0.4,1.9,0.3
511,Vegetables,frenchbeans,small bowl,70,1.1,1.6,12.7,26.2,222.4,94.4,2.8,5,512,8.8,0.06,0.13,28.5,21.8,0.03,30,0.01,0.2,1.8,0.5
512,Vegetables,green tomato subzi,small bowl,131,2.3,0.7,29.1,141.3,216,77.6,3.1,22,144,10.8,0.4,0.67,80.7,10.2,0.79,70,0.26,0.9,1.2,0.4
513,Vegetables,kanda pat,small bowl,132,4.6,5,17.1,68.8,263.5,251.6,10.6,68,352.75,18.8,1.69,4.91,103.7,85,0.57,102,0.31,0.8,43.9,1.2
514,Vegetables,malai kofta,katori,122,3.3,6.3,11.5,154.4,5.4,25.8,0.3,28,46,1.6,0,0.9,97.6,0,0,12,0,0,0,0
